fragment_smiles,source_label,n_conformers
C[*:1],ZINC000014618536,1
CO[*:1],ZINC000014618536,1
O[*:1],ZINC000014618536,1
OC[*:1],ZINC000014618536,1
CC(C)[*:1],ZINC000100783622,1
CC(=O)[*:1],ZINC000824541251,1
O=C(O)[*:1],ZINC000100780639,1
CC(C)CCC[*:1],ZINC000257398186,6
CC(C)CC[*:1],ZINC000257398186,3
CC(C)C[*:1],ZINC000257398186,2
C[C@@H](S)[C@@H](S)[*:1],ZINC000004501350,3
C[C@@H](S)[C@H](C)[*:1],ZINC000004501350,3
S[*:1],ZINC000004501350,1
C[C@@H](S)[*:1],ZINC000004501350,1
C[C@H](S)[*:1],ZINC000004501350,1
CC(C)(O)CCC[*:1],ZINC000040164520,8
CC(C)(O)CC[*:1],ZINC000040164520,7
CC(C)(O)C[*:1],ZINC000040164520,3
CC(C)(O)[*:1],ZINC000040164520,1
C1CCC([*:1])CC1,ZINC000002113778,2
C[C@H](O)[*:1],ZINC000000035457,1
C[C@H](O)C[*:1],ZINC000000035457,2
c1cncc([*:1])c1,ZINC000000035457,1
O=C(O)CC[*:1],ZINC000016248854,4
C[C@@H](CCC(=O)O)[*:1],ZINC000016248854,6
O=C(O)C[*:1],ZINC000016248854,1
CC(=O)O[*:1],ZINC000100782111,1
c1cc([*:1])co1,ZINC000100782111,1
COC(=O)C[*:1],ZINC000100782111,2
COC(=O)[*:1],ZINC000100782111,1
c1ccc(C[*:1])cc1,ZINC000229844389,1
c1ccc([*:1])cc1,ZINC000229844389,1
F[*:1],ZINC000065249023,1
O=C(O)/C(O)=C/[*:1],ZINC000024449561,1
Oc1ccc([*:1])cc1,ZINC000024449561,1
O=C[*:1],ZINC000034400106,1
C=C(C)[*:1],ZINC000257393892,1
C=C[*:1],ZINC000015263544,1
C=CC(C)(C)[*:1],ZINC000015263544,1
CC(C)=CC[*:1],ZINC000015263544,2
CC(C)=C[*:1],ZINC000015263544,1
N[*:1],ZINC000003156382,1
CC(C)[C@@H](N)[*:1],ZINC000003156382,3
N=C(N)NCCC[*:1],ZINC000003156382,7
N=C(N)NCC[*:1],ZINC000003156382,4
N=C(N)NC[*:1],ZINC000003156382,3
N=C(N)N[*:1],ZINC000003156382,1
CC[*:1],ZINC000257478194,1
CC/C=C(\C(C)C)[*:1],ZINC000257478194,5
C[C@](Cl)(CO)[*:1],ZINC000014689040,3
Cl[*:1],ZINC000014689040,1
C/C(=C\[*:1])C(=O)O,ZINC000031166636,1
C/C(=C\C[*:1])C(=O)O,ZINC000031166636,2
Cc1ccc([*:1])cc1,ZINC000031166636,1
OCC[*:1],ZINC000004028006,2
C=C(C=O)[*:1],ZINC000085756940,2
CC(=O)/C=C/[*:1],ZINC000253390618,2
CCC[*:1],ZINC000003860906,2
CCCC(=O)O[*:1],ZINC000003860906,4
CCCC(=O)OC[*:1],ZINC000003860906,7
CC/C(C)=C/[*:1],ZINC000015107420,3
CC(=O)O[C@H](C)[*:1],ZINC000015107420,1
NC(=O)C[*:1],ZINC000057448070,3
NC(=O)[*:1],ZINC000057448070,1
COC[*:1],ZINC000409413461,2
COCC[*:1],ZINC000409413461,4
C/C(=C/C[*:1])C(=O)O,ZINC000257407697,2
C/C(=C/[*:1])C(=O)O,ZINC000257407697,1
CC(C)(C)[*:1],ZINC000001841214,1
c1ncc(CC[*:1])o1,ZINC000095620001,3
CCCC[*:1],ZINC000095620001,3
c1ncc(C[*:1])o1,ZINC000095620001,3
CCCCC[*:1],ZINC000095620001,5
c1ncc([*:1])o1,ZINC000095620001,1
C[C@](O)(CC(=O)O)[*:1],ZINC000257416924,5
CCCCCC[*:1],ZINC000253500066,6
CCCCCCC[*:1],ZINC000253500066,10
N#CC[*:1],ZINC000014502896,1
N#C[*:1],ZINC000014502896,1
C=CC[*:1],ZINC000257546440,3
C1CC1[*:1],ZINC000065259628,1
NC[*:1],ZINC000005192324,1
C/C(=C/C=C/[*:1])CO,ZINC000014854695,3
C/C(=C/[*:1])CO,ZINC000014854695,3
CN(N=O)[*:1],ZINC000005965554,1
CN(C[*:1])N=O,ZINC000005965554,5
CN(CC[*:1])N=O,ZINC000005965554,7
CN(CCC[*:1])N=O,ZINC000005965554,8
[O-][n+]1cccc([*:1])c1,ZINC000005965554,1
Oc1ccccc1[*:1],ZINC000065298635,1
CC(C)(C)N[*:1],ZINC000002015274,1
CC(C)(C)NC[*:1],ZINC000002015274,2
CC[C@@](C)(O)[*:1],ZINC000100778956,3
CC/C=C\[*:1],ZINC000100770509,2
CC/C=C\C[*:1],ZINC000100770509,4
CC/C=C\C/C=C\[*:1],ZINC000100770509,6
O=C(O)CC[C@H](O)[*:1],ZINC000100770509,9
OCCC[*:1],ZINC000003999859,5
c1cncc(C[*:1])c1,ZINC000000001799,2
CC(=O)C[*:1],ZINC000013480042,3
CC(C)=CCC[*:1],ZINC000002030906,5
CCC(C)(C)[*:1],ZINC000000410085,1
CS(=O)(=O)[*:1],ZINC000004200806,1
CS(=O)(=O)C[*:1],ZINC000004200806,3
CS(=O)(=O)CC[*:1],ZINC000004200806,5
CS[*:1],ZINC000101207471,1
Clc1ccc([*:1])cc1,ZINC000101207471,1
O=NN1CCC[C@H]1[*:1],ZINC000005420992,2
C=C(C=O)C[*:1],ZINC000014822642,4
C=C(C=O)CC[*:1],ZINC000014822642,9
C=C(C=O)CCC[*:1],ZINC000014822642,8
CCCCC/C=C\[*:1],ZINC000014511122,6
N[C@H](C(=O)O)[*:1],ZINC000004099165,1
N[C@@H](C[*:1])C(=O)O,ZINC000004099165,3
N[C@@H](CC[*:1])C(=O)O,ZINC000004099165,4
O=C(O)CNC(=O)[*:1],ZINC000004099165,3
ClCC[*:1],ZINC000004099165,3
ClC[*:1],ZINC000004099165,1
C=C[C@](C)(O)[*:1],ZINC000015120795,2
C=C[C@](C)(O)C[*:1],ZINC000015120795,5
CC(C)(O)[C@H](O)C[*:1],ZINC000015120795,6
C=C[C@](C)(O)CC[*:1],ZINC000015120795,6
CC(C)(O)[C@H](O)[*:1],ZINC000015120795,3
CCCCC#C[*:1],ZINC000014772164,4
OC/C=C/C#C[*:1],ZINC000014772164,2
OC/C=C/[*:1],ZINC000014772164,2
CC(C)C(=O)O[*:1],ZINC000001850500,3
Cc1ccccc1[*:1],ZINC000001850500,1
O=[N+]([O-])[*:1],ZINC000524731305,1
c1nc(C[*:1])c[nH]1,ZINC000070692347,2
c1nc([*:1])c[nH]1,ZINC000070692347,1
C[C@@H](O)[*:1],ZINC000014504503,1
CC[C@@H](C(C)C)[*:1],ZINC000119376337,5
CC[C@H](C[*:1])C(C)C,ZINC000119376337,7
O=C(O)[C@@H](O)[*:1],ZINC000085795093,1
CC[C@@H](C)[*:1],ZINC000014684362,2
CC[C@@H](C)C[*:1],ZINC000014684362,4
CC[C@@H](C)CC[*:1],ZINC000014684362,6
CC[C@@H](C)CCC[*:1],ZINC000014684362,9
O=C(N1CCCC1)[*:1],ZINC000014684362,1
C[C@@H]1O[C@@]1(C)[*:1],ZINC000198041993,1
O=C(CO)[*:1],ZINC000001322099,2
N#CC[C@@H](C(=O)O)[*:1],ZINC000000901380,4
N#CC[C@H](N)[*:1],ZINC000000901380,3
CC(=O)N[*:1],ZINC000070691784,1
CC(=O)NC[*:1],ZINC000070691784,3
CC(=O)NC[C@H](C)[*:1],ZINC000070691784,7
CC1=C[C@@H]([*:1])OC1=O,ZINC000014636762,1
C=CCC[*:1],ZINC000001693210,4
C=CCCC[*:1],ZINC000001693210,7
OCCCCCC[*:1],ZINC000001693210,8
C=CCCCC[*:1],ZINC000001693210,9
OCCCCC[*:1],ZINC000001693210,9
C=CCCCCC[*:1],ZINC000001693210,10
OCCCC[*:1],ZINC000001693210,7
CC(=O)OC[*:1],ZINC000685935585,3
CC(C)[C@H](N)[*:1],ZINC000001578619,3
C[C@H](C(=O)O)[*:1],ZINC000001578619,2
CCO[*:1],ZINC000100777843,2
c1cc([*:1])cs1,ZINC000524732118,1
OC[C@H](O)[*:1],ZINC000002530725,3
OC[C@H](O)[C@H](O)[*:1],ZINC000002530725,6
CCOC(=O)N[*:1],ZINC000014443990,3
CCOC(=O)NC[*:1],ZINC000014443990,5
Br[*:1],ZINC000000800349,1
C=C(C)C[*:1],ZINC000524730091,3
C=C(C)CO[*:1],ZINC000524730091,3
C1CN=C(NC[*:1])C1,ZINC000004162814,2
C1CN=C(N[*:1])C1,ZINC000004162814,1
Cn1cccc1[*:1],ZINC000020464861,1
CCCCC[C@H](O)[*:1],ZINC000012496636,8
O=C(O)CCC[*:1],ZINC000012496636,6
CC(=O)OCC(=O)[*:1],ZINC000008789069,5
c1cn(CC[*:1])cn1,ZINC000263584858,5
c1cn(C[*:1])cn1,ZINC000263584858,2
c1cn([*:1])cn1,ZINC000263584858,1
O=S1(=O)CC[C@H]([*:1])C1,ZINC000021670315,2
CSC[*:1],ZINC000095617774,3
CSCC[*:1],ZINC000095617774,6
CSCC[C@H](N)[*:1],ZINC000095617774,8
c1csc(C[*:1])n1,ZINC000096112238,4
c1csc([*:1])n1,ZINC000096112238,1
N=C(O)O[*:1],ZINC000030731156,1
N=C(O)OC[*:1],ZINC000030731156,1
O=C1CC[C@H]([*:1])C1=O,ZINC000000394532,2
C[C@H](C(=O)O)[C@H](C)[*:1],ZINC000257457314,4
O=C(O)/C=C/[*:1],ZINC000000153654,1
Cc1cccc([*:1])c1,ZINC000252584456,1
C1CN(C[*:1])CCO1,ZINC000252584456,4
C1CN([*:1])CCO1,ZINC000252584456,2
BrC[*:1],ZINC000002566370,1
O=C(CBr)[*:1],ZINC000002566370,3
O=C(C[*:1])NCCO,ZINC000828765262,7
O=C(NCCO)[*:1],ZINC000828765262,4
C[C@@H](C(=O)O)[*:1],ZINC000004084657,2
CC(C)CC(=O)[*:1],ZINC000230066600,3
CCCC[C@@H](CC)[*:1],ZINC000001850596,9
CCN(CC)[*:1],ZINC000514289394,5
CCN(CC)C[*:1],ZINC000514289394,3
FC(Cl)(Cl)[*:1],ZINC000008214541,1
FC(F)(Cl)[*:1],ZINC000008214541,1
CO/C(S)=N\[*:1],ZINC000085877521,1
CO/C(S)=N\C[*:1],ZINC000085877521,3
CCCC/C=C/[*:1],ZINC000014616295,7
O=C(O)CCCC[*:1],ZINC000014616295,9
C(C[C@@H]1CS1)C[*:1],ZINC000005157246,10
C(C[*:1])[C@@H]1CS1,ZINC000005157246,5
C1S[C@@H]1C[*:1],ZINC000005157246,3
N#CCC[*:1],ZINC000005157246,2
C1S[C@@H]1[*:1],ZINC000005157246,1
N#CCCC[*:1],ZINC000005157246,3
CC(=O)[C@@H](C)S[*:1],ZINC000003861605,5
CC(=O)[C@@H](C)[*:1],ZINC000003861605,3
CS[C@@H](C(C)=O)[*:1],ZINC000003861605,5
CS[C@H](C)[*:1],ZINC000003861605,2
CS[C@H](C)C(=O)[*:1],ZINC000003861605,6
O=S(=O)(O)O[*:1],ZINC000257442509,1
CC1(C)[C@H]([*:1])C[C@@H]1N,ZINC000067890053,2
C/C=C(/C)[*:1],ZINC000005132543,1
C/C=C(/C)C(=O)O[*:1],ZINC000005132543,2
CC(C)C(=O)N[*:1],ZINC000095919028,3
NCC[*:1],ZINC000034114361,2
NCCC[*:1],ZINC000034114361,4
NCCCC[*:1],ZINC000034114361,7
C1CN[C@H]([*:1])C1,ZINC000034114361,2
c1ccc(O[*:1])cc1,ZINC000096112585,1
CC/C(C)=C\[*:1],ZINC000015107247,3
CCO[C@H](C)OC[*:1],ZINC000005820341,4
CCO[C@H](C)O[*:1],ZINC000005820341,3
CCCCCCO[*:1],ZINC000005820341,9
CCO[C@H](C)[*:1],ZINC000005820341,3
CCCC[C@H](CC)[*:1],ZINC000005822039,10
CCOC(=O)[*:1],ZINC000005822039,3
O=C1C=C([*:1])[C@@H](O)O1,ZINC000257535637,1
O=P(O)(O)C[*:1],ZINC000012296982,1
O=P(O)(O)[*:1],ZINC000012296982,1
NC(=O)C[C@@H](N)[*:1],ZINC000050027743,7
C1CC[C@H]([*:1])NC1,ZINC000005964796,1
CCC(=O)[*:1],ZINC000005964796,2
CC(C)[C@H](C(=O)O)[*:1],ZINC000050027620,5
NC(=O)CC[C@@H](N)[*:1],ZINC000050027620,4
NC(=O)CC[*:1],ZINC000050027620,3
N=C(O)N[*:1],ZINC000014446138,1
N=C(O)NC[*:1],ZINC000014446138,3
N=C(O)NC[C@H](O)[*:1],ZINC000014446138,5
O=C[C@H](O)[*:1],ZINC000100004705,2
O=C(O)[C@@H](O)[C@@H](O)[*:1],ZINC000100004705,3
O=C[C@H](O)[C@@H](O)[*:1],ZINC000100004705,5
O=CC[*:1],ZINC000100780600,2
CC[C@](C)(O)[*:1],ZINC000257452800,3
CC[C@](C)(O)C[*:1],ZINC000257452800,7
O=C(O)C[C@@H](O)C[*:1],ZINC000002009963,7
O=C(O)C[C@@H](O)[*:1],ZINC000002009963,4
C/C=C/[*:1],ZINC000012898648,1
C/C=C/C[*:1],ZINC000012898648,2
C/C=C/CO[*:1],ZINC000012898648,4
O=CO[*:1],ZINC000040164573,1
O=COC[*:1],ZINC000040164573,3
c1coc(CC[*:1])c1,ZINC000002561200,5
c1coc(C[*:1])c1,ZINC000002561200,3
c1coc([*:1])c1,ZINC000002561200,1
SCCCC[*:1],ZINC000257466497,5
SCCC[*:1],ZINC000257466497,6
SCC[*:1],ZINC000257466497,2
SC[*:1],ZINC000257466497,1
CC(=O)OC(C)(C)[*:1],ZINC000257404532,1
CN[*:1],ZINC000150342244,1
CNC[*:1],ZINC000150342244,2
N[C@H](CS)C(=O)N[*:1],ZINC000056635206,6
N[C@H](CS)[*:1],ZINC000056635206,2
CC(C)(O)[C@@H](O)C[*:1],ZINC000257387409,5
CC(C)(O)[C@@H](O)[*:1],ZINC000257387409,3
CC(C)O[*:1],ZINC000257374611,1
C1CCN(C[*:1])CC1,ZINC000002120089,4
C1CCN([*:1])CC1,ZINC000002120089,1
CC(C)SSC(C)[*:1],ZINC000001674078,5
CC(C)SS[*:1],ZINC000001674078,5
NC1=N[C@@H]([*:1])CCN1,ZINC000085510489,1
CCOC(=O)/C=C/[*:1],ZINC000001648290,6
C/C=C/C=C/[*:1],ZINC000001648290,1
O=C(O)CC(=O)O[*:1],ZINC000015120433,5
Oc1cccc([*:1])c1,ZINC000257493047,1
CSCC(=O)NC[*:1],ZINC000004201040,9
CSCC(=O)N[*:1],ZINC000004201040,6
CS(=O)(=O)CCC[*:1],ZINC000257501523,8
O=C(O)C(=O)[C@H](O)[*:1],ZINC000006032433,2
C[C@H](C(=O)C(=O)O)[*:1],ZINC000006032433,3
O=C(O)C(=O)[*:1],ZINC000006032433,1
OC[C@@H](O)[*:1],ZINC000257778794,3
CC(C)[C@H](C)[*:1],ZINC000257460306,3
CC(C)[C@H](C)/C=C/[*:1],ZINC000257460306,5
OC/C=C\[*:1],ZINC000015152835,3
CCCCO[*:1],ZINC000253498390,6
CC[C@H]1O[C@@H]1[*:1],ZINC000014884853,3
CC[C@H]1O[C@@H]1C#C[*:1],ZINC000014884853,3
COC(=O)/C=C\[*:1],ZINC000014884853,2
O=S(=O)(O)OC[*:1],ZINC000100829833,1
C[C@@H]1CC(=O)O[C@@H]1[*:1],ZINC000005514846,3
C1=C(C[*:1])CCCC1,ZINC000005346448,4
C1=C([*:1])CCCC1,ZINC000005346448,2
C[C@@H](/C=C\[*:1])C(=O)O,ZINC000097759147,4
CCCCCO[*:1],ZINC000102855584,9
C1CC[C@H](C[*:1])NC1,ZINC000002031579,4
c1ncc(C[*:1])[nH]1,ZINC000013514837,4
c1ncc([*:1])[nH]1,ZINC000013514837,1
COCCO[*:1],ZINC000035424839,5
C1CC([*:1])C1,ZINC000035424839,1
CC(=O)[C@H](C)[*:1],ZINC000005441040,3
CCCO[*:1],ZINC000070692377,4
Clc1ccccc1[*:1],ZINC000070692377,1
Fc1ccc([*:1])cc1,ZINC000021944692,1
CCN[*:1],ZINC000085592615,2
CNC(=N)N[*:1],ZINC000085592615,1
CNCN[*:1],ZINC000085592615,2
CO[C@H]1C[C@H]([*:1])CO1,ZINC000140073270,2
C[C@H](CCC(=O)O)[*:1],ZINC000257446427,5
N[C@H](CC[*:1])C(=O)O,ZINC000085589047,4
N[C@H](C[*:1])C(=O)O,ZINC000085589047,3
N[C@@H](C(=O)O)[*:1],ZINC000085589047,1
COC(=O)CCC[*:1],ZINC000038141473,8
COC(=O)CC[*:1],ZINC000038141473,5
C1=N[C@H]([*:1])CC1,ZINC000003870284,1
C[C@H](C[*:1])C(=O)O,ZINC000261499000,6
C[C@H](CC[*:1])C(=O)O,ZINC000261499000,7
N[C@@H](CC(=O)O)[*:1],ZINC000003645672,6
C[C@H](CO)[*:1],ZINC000100777986,2
N[C@H](CC(=O)O)[*:1],ZINC000050027288,5
Brc1cccc([*:1])c1,ZINC000002115401,1
C[N+](C)(C)[*:1],ZINC000085589992,1
CSCCC(=O)O[*:1],ZINC000001707856,7
COC(=O)CCS[*:1],ZINC000001707856,7
C=C/C(C)=C\[*:1],ZINC000082039703,1
C=C/C(C)=C\C[*:1],ZINC000082039703,2
Nc1cc([*:1])ccn1,ZINC000085631503,1
CCC[C@@H](CO)[*:1],ZINC000085631503,7
CCC(CC)[*:1],ZINC000023442583,2
CCC(CC)C[*:1],ZINC000023442583,5
C[C@H](O)[C@@H](C(=O)O)[*:1],ZINC000034309943,7
Cc1cc([*:1])on1,ZINC000100743292,1
C1=C([*:1])CCC1,ZINC000055455756,1
NC(=O)CO[*:1],ZINC000000489528,4
O=C(O)[C@H](CS)[*:1],ZINC000003870040,6
O=C(NCCCO)[*:1],ZINC000253409214,8
CCC[C@@H](C(=O)O)[*:1],ZINC000002578897,6
C=C(C)/C=C\[*:1],ZINC000014684770,1
COC(=O)/C=C/[*:1],ZINC000058574669,2
SCC[C@@H](S)[*:1],ZINC000025695484,5
C[C@@H](CCS)[*:1],ZINC000025695484,6
C[C@H](S)C[*:1],ZINC000025695484,3
C[C@H](S)CC[*:1],ZINC000025695484,6
Brc1ccccc1[*:1],ZINC000000832608,1
Brc1ccc([*:1])cc1,ZINC000008789070,1
CC[C@H](C)[*:1],ZINC000002037148,2
CC[C@H](C)C[*:1],ZINC000002037148,4
CC[C@H](C)CC[*:1],ZINC000002037148,6
CC[C@H](C)CCC[*:1],ZINC000002037148,8
C/C=C/CC[*:1],ZINC000095618102,3
CC(C)OC(=S)S[*:1],ZINC000012660835,6
CC(=O)[C@@H](O)[*:1],ZINC000036478809,2
O=C1C=C([*:1])CO1,ZINC000118936990,1
Fc1ccccc1[*:1],ZINC000061997627,1
O=S(=O)(O)[*:1],ZINC000004416136,1
C[C@H]1C=C([*:1])C(=O)O1,ZINC000013463082,1
O=CCCCCC[*:1],ZINC000013463082,9
O=CCCCC[*:1],ZINC000013463082,7
O=CCCC[*:1],ZINC000013463082,7
O=CCC[*:1],ZINC000013463082,4
C[C@H]1N=C([*:1])CS1,ZINC000031361505,1
CC1=N[C@H]([*:1])SC1,ZINC000031361505,1
O=C(O)[C@H](O)[*:1],ZINC000013374815,1
O=C(O)[C@H](O)C[*:1],ZINC000013374815,3
O=C(O)[C@H](O)CC[*:1],ZINC000013374815,5
O=C(O)[C@@H](CCO)[*:1],ZINC000013374815,7
C[C@H](O)[C@H](O)[*:1],ZINC000005115873,3
OC[C@@H](O)[C@H](O)[*:1],ZINC000003869416,6
CN(C)C[*:1],ZINC000070666542,2
CN(C)[*:1],ZINC000070666542,1
CS/C=C/C(=O)O[*:1],ZINC000257478463,4
CS/C=C/[*:1],ZINC000257478463,2
N[C@@H](CO)[*:1],ZINC000005273797,2
N[C@@H](CO)C(=O)N[*:1],ZINC000005273797,4
c1ccc(C[*:1])nc1,ZINC000514289627,2
c1ccc([*:1])nc1,ZINC000514289627,1
N[C@H](CCC(=O)O)[*:1],ZINC000033995506,5
c1ncc(CC[*:1])[nH]1,ZINC000604404254,4
N[C@H](CO)[*:1],ZINC000005273845,2
N[C@H](CO)C(=O)N[*:1],ZINC000005273845,5
CC(C)[C@H](O)[*:1],ZINC000005412472,3
CC(C)[C@H](O)C(=O)[*:1],ZINC000005412472,6
O=C(c1ccoc1)[*:1],ZINC000005412472,2
C=C/C=C/[*:1],ZINC000086002140,1
C/C=C\C#CC#C[*:1],ZINC000086002140,1
C=C/C=C/C=C\[*:1],ZINC000086002140,1
C/C=C\C#C[*:1],ZINC000086002140,1
C/C=C\[*:1],ZINC000086002140,1
O=C(CO)[C@H](O)[*:1],ZINC000261499642,3
C[C@H](CO)C[*:1],ZINC000014556659,6
C[C@H](CO)CC(=O)[*:1],ZINC000014556659,7
OC[C@@H](O)C(O)[*:1],ZINC000018068098,6
O=C1CCCN1C[*:1],ZINC000524731531,2
O=C1CCCN1[*:1],ZINC000524731531,1
CNCO[*:1],ZINC000085567957,3
O=S(=O)(O)CC[*:1],ZINC000012494268,2
O=S(=O)(O)C[*:1],ZINC000012494268,1
N#C/C(=C/[*:1])CO,ZINC000014455126,3
N#C/C(=C/C[*:1])CO,ZINC000014455126,5
C/C(=C\C(=O)O)[*:1],ZINC000013303590,1
Cc1ncsc1C[*:1],ZINC000021999704,2
Cc1ncsc1[*:1],ZINC000021999704,1
CCCCC/C=C/[*:1],ZINC000002040376,8
CCOC(=O)CC[*:1],ZINC000002040376,7
CCOC(=O)C[*:1],ZINC000002040376,6
OC[C@H]1CO[C@H]([*:1])O1,ZINC000002039297,5
FC(F)(F)[*:1],ZINC000005399347,1
C[C@H](Cl)[C@](C)(O)[*:1],ZINC000100784021,3
C[C@H](Cl)[*:1],ZINC000100784021,1
N[C@H](C(=O)O)[C@@H](O)[*:1],ZINC000001747072,3
C[C@@H]([C@H](N)C(=O)O)[*:1],ZINC000001747072,3
C[C@H](O)[C@H](N)[*:1],ZINC000001747072,3
ClC(Cl)(Cl)[*:1],ZINC000044675977,1
O=C1CC[C@H](C[*:1])O1,ZINC000005510517,3
O=C1CC[C@H]([*:1])O1,ZINC000005510517,2
C/C(Cl)=C(/C)[*:1],ZINC000253531123,1
C1CN[C@@H]([*:1])C1,ZINC000002115314,2
CC(=O)OC/C=C\[*:1],ZINC000014818208,6
Cc1ncc(C[*:1])s1,ZINC000032150846,4
Cc1ncc([*:1])s1,ZINC000032150846,1
CCc1cnc([*:1])s1,ZINC000032150846,2
Cc1scnc1[*:1],ZINC000095618234,1
O=COCC[*:1],ZINC000095618234,6
Cc1scnc1C[*:1],ZINC000095618234,3
NC1=NC(=O)CN1[*:1],ZINC000000967189,1
C[C@H]1O[C@]1(C)[*:1],ZINC000523041896,1
CC[C@H](C(C)C)[*:1],ZINC000118936809,5
CC[C@@H](C[*:1])C(C)C,ZINC000118936809,9
c1cnn(CC[*:1])c1,ZINC000299754341,5
c1cnn(C[*:1])c1,ZINC000299754341,2
c1cnn([*:1])c1,ZINC000299754341,1
CN1CCC[C@H]1[*:1],ZINC000014921505,2
CCOC(=O)CS[*:1],ZINC000002054771,8
C1CCC(C[*:1])C1,ZINC000002054771,3
C1CCC([*:1])C1,ZINC000002054771,2
O=C1CC[C@@H](C[*:1])O1,ZINC000043482214,5
O=C1CC[C@@H]([*:1])O1,ZINC000043482214,1
C1CCC(O[*:1])CC1,ZINC000085568597,3
Cc1cc([*:1])no1,ZINC000090693835,1
Nc1ccc([*:1])cc1,ZINC000090693835,1
O=CN[*:1],ZINC000000895844,1
C/C(=C\[*:1])CO,ZINC000257549391,3
C/C(=C\C[*:1])CO,ZINC000257549391,5
C/C(=C\CC[*:1])CO,ZINC000257549391,8
OC[C@H](O)[C@@H](O)[*:1],ZINC000018006959,6
O=C(O)[C@@H](CO)[*:1],ZINC000015115327,6
C[C@@](O)(CO)[C@@H](O)[*:1],ZINC000257567289,6
C[C@@](O)(CO)[*:1],ZINC000257567289,3
O=C(NC1CC1)[*:1],ZINC000008791596,1
C=C(C(C)C)[*:1],ZINC000253641646,3
C=C(C[*:1])C(C)C,ZINC000253641646,6
C=C(CC[*:1])C(C)C,ZINC000253641646,7
O=P(O)(O)O[*:1],ZINC000004095596,1
C1C[S+]1C[*:1],ZINC000005134801,3
C1C[S+]1[*:1],ZINC000005134801,1
C[C@@H](O)[C@H](C(=O)O)[*:1],ZINC000005274098,6
CSC[C@@H](C(=O)O)[*:1],ZINC000015261465,9
CC(C)NC(=O)N[*:1],ZINC000077264841,1
C1CC(N[*:1])C1,ZINC000077264841,4
O=C/C=C/[*:1],ZINC000015113293,2
O=C1CCC=C1[*:1],ZINC000096300864,1
C[C@H](C=O)[C@@H](S)C[*:1],ZINC000032165383,6
C[C@H](C=O)[C@@H](S)[*:1],ZINC000032165383,5
CC[C@@H]([C@H](C)C=O)[*:1],ZINC000032165383,9
CC[C@H](S)[*:1],ZINC000032165383,3
C[C@H](C=O)[*:1],ZINC000032165383,2
CC[C@H](S)[C@@H](C=O)[*:1],ZINC000032165383,5
CC[C@H](S)[C@H](C)[*:1],ZINC000032165383,7
NCCCNCC[*:1],ZINC000002020054,9
NCCCNC[*:1],ZINC000002020054,10
NCCCCC[*:1],ZINC000002020054,9
NCCCN[*:1],ZINC000002020054,5
NCCCCCN[*:1],ZINC000002020054,10
C/C=C\[S@@](=O)[*:1],ZINC000014679906,4
C/C=C/SS[*:1],ZINC000014679906,4
C=CC/C=C/[*:1],ZINC000014592782,4
C=CC/C=C/C[*:1],ZINC000014592782,7
c1csc(C[*:1])c1,ZINC000169768443,4
c1csc([*:1])c1,ZINC000169768443,1
NC(=O)C[C@H](N)[*:1],ZINC000040473158,4
CC[C@@H](C)[C@@H](N)[*:1],ZINC000005662849,6
CC(C)[C@@H](C(=O)O)[*:1],ZINC000005662849,6
Cc1csc([*:1])n1,ZINC000002105846,1
CCOC(=O)[C@H](C)[*:1],ZINC000002105846,6
C[C@@H]1N[C@@H]([*:1])SCS1,ZINC000013460368,2
CC(C)CC(=O)O[*:1],ZINC000086001872,5
CC(=O)/C=C/C[*:1],ZINC000004025943,4
COC(=O)[C@@H](C)[*:1],ZINC000001532071,3
CCCS[*:1],ZINC000015261393,6
CCCSC[*:1],ZINC000015261393,8
CC(=O)OCC[*:1],ZINC000002389359,7
CC(=O)S[*:1],ZINC000002389359,2
COCC(=O)N[*:1],ZINC000005438697,4
NCCCC[C@H](N)[*:1],ZINC000004556738,10
OCCC[C@@H](CO)[*:1],ZINC000085569351,7
C1CCC(N[*:1])CC1,ZINC000085569351,4
C[C@@H](CO)[*:1],ZINC000100778662,2
COCCC[*:1],ZINC000049829582,4
CSSCCCC[*:1],ZINC000014649287,10
CSSCCC[*:1],ZINC000014649287,9
CSSCC[*:1],ZINC000014649287,7
CSSC[*:1],ZINC000014649287,5
CSS[*:1],ZINC000014649287,2
CCCCCSS[*:1],ZINC000014649287,10
C/C=C\C(=O)O[*:1],ZINC000013380324,2
C/C=C\C(=O)OC[*:1],ZINC000013380324,4
OCCO[*:1],ZINC000085595782,5
O=C/C=C/C=C/C[*:1],ZINC000001850709,5
O=C/C=C/C=C/[*:1],ZINC000001850709,2
CC(C)CCNC[*:1],ZINC000085488592,8
CC(C)CCN[*:1],ZINC000085488592,5
CC1=N[C@@H]([*:1])S[C@H]1C,ZINC000029786595,2
c1nc(CC[*:1])c[nH]1,ZINC000014681995,5
CC1=CC[C@H]([*:1])CC1,ZINC000252695157,3
CC1(C)O[C@H]1C[*:1],ZINC000015104253,2
CC1(C)O[C@H]1[*:1],ZINC000015104253,1
C[C@@H](CC(=O)O)[*:1],ZINC000014447342,4
C[C@@H](CC(=O)O)C[*:1],ZINC000014447342,10
O=C[C@@H](O)[*:1],ZINC000230096241,2
O=C[C@@H](O)[C@@H](O)[*:1],ZINC000230096241,6
CC1(C)OC[C@H]([*:1])O1,ZINC000038540338,2
Cc1nc([*:1])cs1,ZINC000005730266,1
C1CO[C@@H](C[*:1])C1,ZINC000004906682,3
C1CO[C@@H]([*:1])C1,ZINC000004906682,2
O=C(O)[C@@H](O)CC[*:1],ZINC000000394027,5
O=C(O)[C@@H](O)C[*:1],ZINC000000394027,3
CCC[C@H](O)[*:1],ZINC000000394027,6
OC[C@H](O)C[*:1],ZINC000004096298,6
OC[C@H](O)CO[*:1],ZINC000004096298,7
O=P(O)(O)OC[*:1],ZINC000005930819,1
C=CC[S@](=O)[*:1],ZINC000014679914,6
O=C1COC[C@H]([*:1])O1,ZINC000095620431,1
C[N+](C)(C)C[*:1],ZINC000001532909,1
C[N+](C)(C)CC[*:1],ZINC000001532909,2
C[N+](C)(C)CCC[*:1],ZINC000001532909,5
N[C@H](C(=O)O)[C@H](O)[*:1],ZINC000001532909,3
C/C(=C\CN[*:1])CO,ZINC000004521935,8
OCCOCCC[*:1],ZINC000001690437,9
OCCOCC[*:1],ZINC000001690437,9
OCCOC[*:1],ZINC000001690437,7
CCCCOC[*:1],ZINC000001690437,9
CCCCOCC[*:1],ZINC000001690437,8
CC1=C[C@H]([*:1])CCC1,ZINC000014588925,2
CCOC(=O)CO[*:1],ZINC000002557912,7
C=C[C@@](C)(O)[*:1],ZINC000015120796,2
C=C[C@@](C)(O)C[*:1],ZINC000015120796,4
C=C[C@@](C)(O)CC[*:1],ZINC000015120796,6
CC[C@@H](C)C(=O)O[*:1],ZINC000002038279,6
CC(C)C(=O)[*:1],ZINC000100772052,3
CC(C)C(=O)C[*:1],ZINC000100772052,3
CC(C)C(=O)CC[*:1],ZINC000100772052,5
N[C@H](CS[*:1])C(=O)O,ZINC000014558051,6
C[C@H](CS[*:1])C(=O)O,ZINC000014558051,6
CCC[C@H](C)[*:1],ZINC000085972373,3
CCC[C@H](C)[C@H](C)[*:1],ZINC000085972373,8
CCN(CC)CC[*:1],ZINC000101202612,9
Cc1cc(C[*:1])no1,ZINC000049171940,3
Cc1ccc(C[*:1])o1,ZINC000049171940,4
Cc1ccc([*:1])o1,ZINC000049171940,1
COC(=O)[C@@H](O)[*:1],ZINC000015219230,2
OC[C@@H](O)C[*:1],ZINC000100828150,6
O=C(O)C(C(=O)O)[*:1],ZINC000013532102,5
CCCCS[*:1],ZINC000263586684,7
CC[C@H](C)C(=O)O[*:1],ZINC000085616681,7
C[C@@H]1O[C@H]1[*:1],ZINC000085616681,1
C=C(CO)[*:1],ZINC000257546296,3
O=C(O)CC/C=C/[*:1],ZINC000085489321,6
C1=C[C@@H](CC[*:1])CC1,ZINC000085489321,7
C1=C[C@@H](C[*:1])CC1,ZINC000085489321,4
C1=C[C@@H]([*:1])CC1,ZINC000085489321,1
CCCCN(C)[*:1],ZINC000169766214,5
CCCCN(C)C[*:1],ZINC000169766214,9
COCCN[*:1],ZINC000012483812,5
C=C(COC(C)=O)[*:1],ZINC000013305817,5
C[S@@](=O)[*:1],ZINC000003875035,1
S=C=NCCCC[*:1],ZINC000003875035,9
C[S@@](=O)C[*:1],ZINC000003875035,3
S=C=NCCC[*:1],ZINC000003875035,5
C[S@@](=O)CC[*:1],ZINC000003875035,5
S=C=NCC[*:1],ZINC000003875035,4
C[S@@](=O)CCC[*:1],ZINC000003875035,6
S=C=NC[*:1],ZINC000003875035,2
C[S@@](=O)CCCC[*:1],ZINC000003875035,10
S=C=N[*:1],ZINC000003875035,1
C/C(=C\CO)CC[*:1],ZINC000015120290,9
C/C(=C/C[*:1])CO,ZINC000015120290,4
C/C(=C\CO)C[*:1],ZINC000015120290,5
C/C(=C/CC[*:1])CO,ZINC000015120290,7
C/C(=C\CO)[*:1],ZINC000015120290,2
CC(=O)O[C@@H](CO)[*:1],ZINC000015270190,3
NC(=O)NCCC[*:1],ZINC000002113951,8
NC(=O)NCC[*:1],ZINC000002113951,6
NC(=O)NC[*:1],ZINC000002113951,3
NC(=O)N[*:1],ZINC000002113951,1
c1cnc([*:1])cn1,ZINC000004259037,1
C=C(C)CC[*:1],ZINC000001850726,6
C=C(C)CCC[*:1],ZINC000001850726,8
O=C1OCC[C@H]1[*:1],ZINC000034781669,2
CC(=O)CC[*:1],ZINC000032296494,3
CC(C)CC/N=C/[*:1],ZINC000031375283,5
CC(C)C/C=N/[*:1],ZINC000031375283,2
CC(C)C/C=N/C[*:1],ZINC000031375283,9
CC(C)C[C@H](C)[*:1],ZINC000095618083,5
OCCSCC[*:1],ZINC000001693386,8
OCCSC[*:1],ZINC000001693386,8
OCCS[*:1],ZINC000001693386,5
NC(=O)CCC[*:1],ZINC000001529587,5
NC[C@@H](O)[*:1],ZINC000000403283,3
C[C@@H](CC[*:1])C(=O)O,ZINC000257525584,6
C[C@@H](C[*:1])C(=O)O,ZINC000257525584,5
OCc1ccc([*:1])o1,ZINC000035425414,2
Cc1ccc([*:1])s1,ZINC000225497625,1
Cc1ccc(C[*:1])s1,ZINC000225497625,4
C[C@@H](O)/C=C/[*:1],ZINC000005766919,2
C=CCN(CC=C)[*:1],ZINC000001106024,5
CN(C)CC[*:1],ZINC000013308302,4
CC(=O)OC[C@H](O)[*:1],ZINC000013327031,5
COC(=O)[C@H](C)[*:1],ZINC000062001686,3
O=C(O)CO[*:1],ZINC000253414348,3
Cn1ccnc1[*:1],ZINC000096296365,1
Cn1ccnc1C[*:1],ZINC000096296365,3
CC[C@H](C)[C@@H](N)[*:1],ZINC000040470873,7
C[C@@H](O)[C@@H](C(=O)O)[*:1],ZINC000040470873,5
Cc1coc(C[*:1])n1,ZINC000032166512,3
Cc1coc([*:1])n1,ZINC000032166512,1
CCc1nc([*:1])co1,ZINC000032166512,2
Fc1cccc([*:1])c1,ZINC000514289382,1
CC(=O)OC[C@H](C)[*:1],ZINC000253500000,6
CCCOC(=O)[*:1],ZINC000002091353,6
C[C@@H]1CCCN([*:1])C1,ZINC000001317658,3
c1cc(N[*:1])ccn1,ZINC000004090478,1
c1cc([*:1])ccn1,ZINC000004090478,1
CC(C)=CCO[*:1],ZINC000257498840,5
Cc1cc([*:1])c(C)o1,ZINC000020111700,1
O[C@@H]1CN[C@H]([*:1])C1,ZINC000040470269,3
CC(C)NC(=O)O[*:1],ZINC000015672490,1
CC(C)(C)C[*:1],ZINC000096296113,1
CC(C)(C)CN[*:1],ZINC000096296113,3
C/C(=C/C(=O)O)[*:1],ZINC000231215728,1
N[C@@H](CCC(=O)O)[*:1],ZINC000028631254,6
OC1(C[*:1])CCCC1,ZINC000085596281,5
OC1([*:1])CCCC1,ZINC000085596281,2
c1[cH-]c(C[*:1])cn1,ZINC000085596281,2
c1[cH-]c([*:1])cn1,ZINC000085596281,1
C[C@H](Cl)[C@@](C)(O)[*:1],ZINC000257423766,3
CC(C)=CCC(=O)[*:1],ZINC000014441808,6
C=C(C)[C@H](C)[*:1],ZINC000257560045,3
C=C(C)[C@H](C)C[*:1],ZINC000257560045,7
C=C(C)[C@H](C)CC[*:1],ZINC000257560045,4
Cn1cc([*:1])cn1,ZINC000218039862,1
CC(=O)OCCC[*:1],ZINC000001674756,10
CC(C)=CC(=O)O[*:1],ZINC000136137667,2
O=C([C@@H]1CCS1)[*:1],ZINC000032163926,3
C1C[C@@H]([*:1])S1,ZINC000032163926,2
CCCCOC(=O)[*:1],ZINC000015165538,7
O=C(O)CC/C=C\[*:1],ZINC000085588925,8
Clc1cccc([*:1])c1,ZINC000012603816,1
CC(C)C(=O)OC[*:1],ZINC000014438705,6
CC/C=C\CC[*:1],ZINC000014438705,7
C1CC([*:1])CCO1,ZINC000096297005,1
CC(C)COC(=O)[*:1],ZINC000001566476,5
CC(C)CCC(=O)[*:1],ZINC000100772840,9
O[C@H]1[C@@H](O)C=C[C@@H]1[*:1],ZINC000031983388,2
Cn1cc(C[*:1])cn1,ZINC000085436164,2
C[C@@H](N)C(=O)N[*:1],ZINC000001708200,2
C[C@@H](N)[*:1],ZINC000001708200,1
O=Cc1ccc([*:1])o1,ZINC000014610794,2
C[n+]1cccc([*:1])c1,ZINC000000155368,1
CC(C)(OC=O)[*:1],ZINC000002038848,1
C[C@H](C=O)C[*:1],ZINC000002046170,3
CC(=CCOC=O)[*:1],ZINC000002168242,6
O=C1CC[C@H]([*:1])N1,ZINC000003588955,1
CC[C@H](NC(C)=O)[*:1],ZINC000263586647,3
CCCC(=O)[*:1],ZINC000038611099,3
OCC(CO)[*:1],ZINC000032840812,4
CC[C@H](C)[C@H](N)[*:1],ZINC000029489590,7
C/C=C(\C)[*:1],ZINC000100784235,1
C/C=C(\C)C(=O)O[*:1],ZINC000100784235,2
C[S@@](=O)/C=C/[*:1],ZINC000100784235,2
C[n+]1ccccc1[*:1],ZINC000020111806,1
CC(C)(O)CC(=O)[*:1],ZINC000001648359,6
CC(=O)CC(C)(O)[*:1],ZINC000001648359,4
CC(=O)CC(C)(C)[*:1],ZINC000001648359,2
CS/C=C\C(=O)O[*:1],ZINC000257403561,3
CS/C=C\[*:1],ZINC000257403561,2
CCC[S@@](=O)[*:1],ZINC000014590166,5
CC[C@H](SSC)[*:1],ZINC000014590166,7
CCC(=O)O[*:1],ZINC000001669521,3
CCC(=O)OC[*:1],ZINC000001669521,7
c1coc(CS[*:1])c1,ZINC000001850892,4
CC(C)S[*:1],ZINC000001850892,2
CC(C)SC[*:1],ZINC000001850892,5
CC(=O)/C(C)=C/[*:1],ZINC000100782954,2
C1CO[C@H](C[*:1])C1,ZINC000000133367,2
C1CO[C@H]([*:1])C1,ZINC000000133367,2
C[C@H](CCO)CC[*:1],ZINC000001561960,9
C[C@H](CCO)C[*:1],ZINC000001561960,8
C[C@H](CCO)[*:1],ZINC000001561960,5
C=C(C)C(=O)[*:1],ZINC000015120611,2
C=C(C)C(=O)C[*:1],ZINC000015120611,4
C=C(C)C(=O)CC[*:1],ZINC000015120611,6
CCCC[C@@H](C)[*:1],ZINC000085972900,5
CCCC[C@@H](C)C[*:1],ZINC000085972900,10
O=C(O)[C@H](CO)[*:1],ZINC000013507463,5
CC(/C=C/C=O)=C\[*:1],ZINC000013371180,2
O=C1OCC=C1[*:1],ZINC000095915043,1
NC(=O)CC[C@H](N)[*:1],ZINC000036373791,3
C=C(C)[C@H](CC)[*:1],ZINC000257632309,6
C=C[C@](O)(C(C)C)[*:1],ZINC000257486462,5
C1CC([*:1])CCN1,ZINC000003840474,2
C[C@H]1O[C@@H]1[*:1],ZINC000006031812,1
C1CN(C[*:1])CCN1,ZINC000077263564,2
C1CN([*:1])CCN1,ZINC000077263564,1
CC(C)OC(=O)C[*:1],ZINC000000942669,2
CC(C)OC(=O)[*:1],ZINC000000942669,1
NC(N)=N[*:1],ZINC000085510150,1
NC(N)=NC[*:1],ZINC000085510150,3
c1cnc(N[*:1])[cH-]1,ZINC000085510150,2
c1cnc([*:1])[cH-]1,ZINC000085510150,1
c1c[nH]c(C[*:1])n1,ZINC000035425127,2
c1c[nH]c([*:1])n1,ZINC000035425127,1
C=C(CO)C(=O)O[*:1],ZINC000008552074,5
CC(C)(S)[*:1],ZINC000014588868,1
CC1=CC[C@@H]([*:1])CC1,ZINC000014588868,1
NC(N)[*:1],ZINC000085628987,1
C1CCC(C[*:1])CC1,ZINC000085628987,3
CCCCNC(=O)[*:1],ZINC000096221873,7
Cc1c([*:1])cnn1C,ZINC000263586409,1
CSC(=N[*:1])SC,ZINC000014884531,4
C1CCN(CC[*:1])C1,ZINC000002364757,5
C1CCN(C[*:1])C1,ZINC000002364757,2
C1CCN([*:1])C1,ZINC000002364757,1
COCCNC[*:1],ZINC000263584732,8
C[C@@H](O)[C@@](C)(O)[*:1],ZINC000253387762,3
C#C[*:1],ZINC000216140728,1
CCCS(=O)(=O)N[*:1],ZINC000004150063,6
C=C(C(=O)O)[*:1],ZINC000015207974,1
CO[C@H](C)[*:1],ZINC000261499229,1
C/C=C(\C)[C@@H](O)[*:1],ZINC000013307923,3
c1[cH-]cc(C[*:1])n1,ZINC000085631870,3
c1[cH-]cc([*:1])n1,ZINC000085631870,1
C/C=C(\C(=O)OC)[*:1],ZINC000015248651,2
CC(=O)C(=O)OC[*:1],ZINC000014438727,3
CC(=O)C(=O)O[*:1],ZINC000014438727,1
O=COCCC[*:1],ZINC000001867147,7
CN[C@H](C)[*:1],ZINC000257749070,2
CN[C@H](C)C(=O)N[*:1],ZINC000257749070,4
C[C@]1(CO)O[C@H]1C[*:1],ZINC000257628120,6
C[C@]1(CO)O[C@H]1[*:1],ZINC000257628120,3
CN(C=O)[*:1],ZINC000018188714,1
OC[C@H](O)[C@H](O)C[*:1],ZINC000255970901,8
CC(C)[C@@H](CO)[*:1],ZINC000182632058,6
C1C[C@H](CC[*:1])SS1,ZINC000182632058,4
C1C[C@H](C[*:1])SS1,ZINC000182632058,4
C1C[C@H]([*:1])SS1,ZINC000182632058,2
C/C(=C\[*:1])C(C)C,ZINC000261495541,3
C/C(=C\C[*:1])C(C)C,ZINC000261495541,6
C#CC[*:1],ZINC000096112952,1
C#CCN(C)C(=O)[*:1],ZINC000096112952,4
CNC(=O)[*:1],ZINC000096112952,1
CSCC[C@@H](N)[*:1],ZINC000095617777,9
CC(C)(CO)[*:1],ZINC000003869684,1
CC(C)(CO)[C@@H](O)[*:1],ZINC000003869684,7
O=C(C[*:1])NCCS,ZINC000003869684,5
O=C(NCCS)[*:1],ZINC000003869684,5
CC1(C)O[C@@H]1C[*:1],ZINC000104378439,2
CC1(C)O[C@@H]1[*:1],ZINC000104378439,1
C[C@H](O)/C=C/[*:1],ZINC000004096339,2
C/C=C/S[*:1],ZINC000015261401,2
C/C=C/SC[*:1],ZINC000015261401,5
CCc1ncoc1[*:1],ZINC000095619759,3
CS(=O)(=O)N[*:1],ZINC000409414484,2
C=CC[C@@H](C)[*:1],ZINC000095620578,4
CCCNC(=O)N[*:1],ZINC000514289149,6
FC1(F)CCN([*:1])C1,ZINC000514289149,3
CC(=O)N[C@@H](C=O)[*:1],ZINC000012495633,2
C1CC[C@@H](C[*:1])NC1,ZINC000000001592,4
C1CC[C@@H]([*:1])NC1,ZINC000000001592,1
C[C@H](CO)CC[*:1],ZINC000257621608,7
C[C@H](CO)CCC[*:1],ZINC000257621608,7
C[C@H](O)CNCC[*:1],ZINC000085628470,8
C[C@H](O)CNC[*:1],ZINC000085628470,8
C[C@H](O)CN[*:1],ZINC000085628470,6
C1=N[CH+]C=C1C[*:1],ZINC000085545144,3
C1=N[CH+]C=C1[*:1],ZINC000085545144,1
C[C@@H](O)C(=O)[*:1],ZINC000000895240,2
CC(=O)[C@H](O)[*:1],ZINC000000895240,2
CC[C@@H]1O[C@H]1[*:1],ZINC000014884855,3
CC[C@@H]1O[C@H]1C#C[*:1],ZINC000014884855,3
OCCCN[*:1],ZINC000009782440,7
C=CCCC(=O)[*:1],ZINC000002041243,6
C[C@H]1C[C@@H]([*:1])OC1=O,ZINC000257499647,2
C[C@H]1O[C@@H]([*:1])C[C@@H]1O,ZINC000008602482,3
COC(C)(C)[*:1],ZINC000257485946,1
COC(C)(C)/C=C/[*:1],ZINC000257485946,5
C=C[C@@H](OC(C)=O)[*:1],ZINC000085831655,2
c1cnc(O[*:1])nc1,ZINC000263584832,1
c1cnc([*:1])nc1,ZINC000263584832,1
CCS(=O)(=O)[*:1],ZINC000049169121,3
O=C(O)C(=O)CC[*:1],ZINC000001529743,6
O=C(O)C(=O)C[*:1],ZINC000001529743,3
O=C(OP(=O)(O)O)[*:1],ZINC000001529624,2
O=CC(=O)[*:1],ZINC000001529524,1
O=CC(=O)C[*:1],ZINC000001529524,3
O=CC(=O)CC[*:1],ZINC000001529524,4
CCC[C@H](CO)[*:1],ZINC000085627586,6
CCC[C@H](CO)C[*:1],ZINC000085627586,9
C1CCC(O[*:1])C1,ZINC000085627586,2
c1ncc([*:1])cn1,ZINC000049155290,1
CCC(=O)/C=C/[*:1],ZINC000038611117,6
COC(=O)/C=C(\C)[*:1],ZINC000231215761,2
C[C@H](O)[C@@H](C)[*:1],ZINC000014916901,3
C[C@H](O)[C@@H](C)O[*:1],ZINC000014916901,2
I[*:1],ZINC000085552312,1
O=S(=O)(O)CCC[*:1],ZINC000001529636,5
C=CC[S@](=O)C[*:1],ZINC000013309455,9
C=CCOC(=O)[*:1],ZINC000002035935,6
C=CCOC(=O)C[*:1],ZINC000002035935,8
CC/C=C\C[C@H](O)[*:1],ZINC000034961800,8
C=C/C=C/C[*:1],ZINC000001531633,3
COC(=O)/C(C)=C\[*:1],ZINC000001531633,2
Cc1ccnc([*:1])c1,ZINC000049543817,1
NN1CCC[C@@H]1[*:1],ZINC000019167429,2
O=C(O)C[C@H](O)C[*:1],ZINC000012493608,7
O=C(O)C[C@H](O)[*:1],ZINC000012493608,6
CC(C)=CCOC[*:1],ZINC000014590710,7
CCOC[*:1],ZINC000014590710,3
CCOCC=C(C)[*:1],ZINC000014590710,7
CC(C)NC(=O)[*:1],ZINC000008152488,1
CC(C)NC(=O)C[*:1],ZINC000008152488,1
C[C@@H](NC(N)=O)[*:1],ZINC000029566455,1
CC(=O)NCC[*:1],ZINC000015261544,5
CC(=O)NCCC[*:1],ZINC000015261544,8
CC(C=O)[*:1],ZINC000001866952,2
CC(=O)CC(=O)[*:1],ZINC000014822185,3
CCCCCC(=O)[*:1],ZINC000012496524,9
CSCCC[*:1],ZINC000014593538,7
CSCCCC[*:1],ZINC000014593538,8
c1cc([*:1])on1,ZINC000067897426,1
O=C(O)CN[*:1],ZINC000014412408,3
O[C@@H]1CN[C@@H]([*:1])C1,ZINC000040487039,2
O=C/C=C/[C@H]1O[C@H]1[*:1],ZINC000013433331,2
CC(C)C[C@@H](C)C[*:1],ZINC000085642734,8
CC(C)C[C@@H](C)[*:1],ZINC000085642734,3
CC(=O)OC/C=C/[*:1],ZINC000033829982,5
C(=C\[*:1])/c1ccco1,ZINC000033829982,2
C[C@H](O)CO[*:1],ZINC000257376843,5
C1CS[C@H](C[*:1])N1,ZINC000005759852,2
C1CS[C@H]([*:1])N1,ZINC000005759852,2
C=C/C(=C\[*:1])CO,ZINC000014657643,3
COC(=O)C/C=C\[*:1],ZINC000257480308,6
NCC(=O)[*:1],ZINC000053194795,2
CC[C@H](C)[C@H](NC)[*:1],ZINC000100772954,8
O=C(O)C(=O)OC[*:1],ZINC000014413075,3
O=C(O)C(=O)O[*:1],ZINC000014413075,1
C=C(C)[C@H](O)[*:1],ZINC000014819127,3
C=C(C)[C@H](O)C[*:1],ZINC000014819127,7
C[C@H](O)CC[*:1],ZINC000015221896,5
O[C@H](c1ccoc1)[*:1],ZINC000015221896,4
C[C@H](O)CC[C@H](O)[*:1],ZINC000015221896,7
N[C@H]([C@H](O)CO)[*:1],ZINC000005502281,6
N[C@@H](C(=O)O)[C@H](O)[*:1],ZINC000005502281,3
CNC(=O)N[*:1],ZINC000015415542,1
O[C@H]([C@@H](O)CCl)[*:1],ZINC000256103108,7
O[C@@H](CCl)[*:1],ZINC000256103108,3
S=C=NCC/C=C\[*:1],ZINC000031350917,7
CS/C=C\C[*:1],ZINC000031350917,3
CS/C=C\CC[*:1],ZINC000031350917,6
O=C(O)[C@@H](O)[C@H](O)[*:1],ZINC000003872190,2
COC[C@@H](O)[*:1],ZINC000013350895,4
COC[C@@H](O)C[*:1],ZINC000013350895,8
C/C=C(\C(C)C)[*:1],ZINC000257530281,3
C/C=C(/C[*:1])C(C)C,ZINC000257530281,4
C=CCSS[*:1],ZINC000013309461,6
C=CCS(=O)(=O)C[*:1],ZINC000013309461,8
C=CCSS/C=C\[*:1],ZINC000013309461,9
C=CCS(=O)(=O)[*:1],ZINC000013309461,6
O=COCC/C=C\[*:1],ZINC000014438701,6
C[C@](O)([C@@H](O)CO)[*:1],ZINC000006031990,4
O=C(O)/C=C\[*:1],ZINC000006004394,1
CC(C)=C[C@H](O)[*:1],ZINC000253388205,3
CC(C)=C[C@@H](O)[*:1],ZINC000253388205,3
CC1=N[C@H]([*:1])S[C@H]1C,ZINC000029786605,2
CCCNC(=O)[*:1],ZINC000004064396,6
CCCNC(=O)C[*:1],ZINC000004064396,6
C=CS[*:1],ZINC000002031631,2
Cc1nnc([*:1])o1,ZINC000049170724,1
C=C(C(=O)OC)[*:1],ZINC000685935851,2
CC(C)=C[C@H](O)C[*:1],ZINC000257519269,5
CN1CCN([*:1])CC1,ZINC000225473265,2
CC1=C[C@H]([*:1])OC1=O,ZINC000014441535,1
O=C(O)[C@@H]1CCN1[*:1],ZINC000071758305,3
c1ccn([*:1])c1,ZINC000253413914,1
OCCCCN[*:1],ZINC000085597383,9
C1CCC(N[*:1])C1,ZINC000150343223,4
COC(OC)[*:1],ZINC000002040973,1
COC(C[*:1])OC,ZINC000002040973,3
Cc1ocnc1[*:1],ZINC000005765023,1
Cc1ncoc1[*:1],ZINC000005765023,1
C/C=C/C=C/C(=O)[*:1],ZINC000100060743,2
C/C=C/CCC(=O)[*:1],ZINC000100060743,7
C[C@H](O)[C@@H](O)[*:1],ZINC000257449284,3
OC[C@@H](O)[C@H](O)C[*:1],ZINC000001694564,8
OCC[C@@H](O)[*:1],ZINC000001694564,4
OCC[C@@H](O)[C@H](O)[*:1],ZINC000001694564,8
CC[C@@H](O)[*:1],ZINC000085589604,3
CC[C@@H](O)C[*:1],ZINC000085589604,5
CC[C@@H](O)C[C@H](O)[*:1],ZINC000085589604,9
S=C1NCC[C@@H]1[*:1],ZINC000085647676,2
O=C(N[*:1])C1CCC1,ZINC000067896312,2
CNC(=N)NC[*:1],ZINC000085568960,5
COCCCN[*:1],ZINC000001827416,9
CC(C)C[C@@H](N)[*:1],ZINC000001532222,5
C1CCCC([*:1])CC1,ZINC000065074632,1
CC[C@@H](OC(C)=O)[*:1],ZINC000014616805,3
O=C(O)C/N=C(\O)[*:1],ZINC000030728684,3
CC(C)[C@](O)(CO)[*:1],ZINC000118937188,5
O[C@H](C#C[*:1])CCl,ZINC000013378442,3
C=C(C)/C=C/[*:1],ZINC000095620060,1
COCCNC(=O)[*:1],ZINC000035442600,6
O[C@H]1[C@H](O)CO[C@H]1[*:1],ZINC000100772340,2
CCCCC[C@@H](O)[*:1],ZINC000045789140,10
C=C[C@H](O)[*:1],ZINC000015269787,3
C=C[C@H](O)C#C[*:1],ZINC000015269787,2
C=C([C@@H](C)C(=O)O)[*:1],ZINC000257468892,7
C[C@H]1C(=O)OC[C@H]1[*:1],ZINC000257428526,2
CCC/C=C\[*:1],ZINC000031159175,5
N[C@@H](CC(=O)O)C[*:1],ZINC000031159175,7
CCC/C=C\C[*:1],ZINC000031159175,7
C[C@](O)(CO)CO[*:1],ZINC000034866779,7
C[C@](O)(CO)C[*:1],ZINC000034866779,7
C[C@](O)(CO)[*:1],ZINC000034866779,3
CC[C@](C)(C#N)[*:1],ZINC000257595491,3
CC[C@](C)(C#N)O[*:1],ZINC000257595491,6
CCC/C=C/[*:1],ZINC000002384564,3
CCC/C=C/C[*:1],ZINC000002384564,8
CN1C[C@@H](F)[C@@H]([*:1])C1,ZINC000096112375,4
C[C@H](N)C(=O)N[*:1],ZINC000001575506,2
C[C@H](N)[*:1],ZINC000001575506,1
O=C1C[C@H]([*:1])CO1,ZINC000015044148,1
O=C1C[C@H](O[*:1])CO1,ZINC000015044148,2
C#CC#C[*:1],ZINC000014722469,1
C#CC#CC[*:1],ZINC000014722469,1
C#CC#CC[C@@H](O)[*:1],ZINC000014722469,3
C=CC[S@@](=O)[*:1],ZINC000005157910,5
C=CC[S@@](=O)C[*:1],ZINC000005157910,7
Clc1cnn(C[*:1])c1,ZINC000002730033,2
Clc1cnn([*:1])c1,ZINC000002730033,1
CN(C=O)/N=C\[*:1],ZINC000005353490,4
C/C=N\N(C=O)[*:1],ZINC000005353490,4
C[C@H](O)C(=O)[*:1],ZINC000100828847,2
O=CC/C(C=O)=C\[*:1],ZINC000100781070,7
C[C@@H](O)C[*:1],ZINC000006036348,3
C[C@@H](O)CC[*:1],ZINC000006036348,6
C[C@@H](O)CCC[*:1],ZINC000006036348,7
C[C@@H](O)CCCC[*:1],ZINC000006036348,9
OC[C@@H](O)[C@@H](O)[*:1],ZINC000004096699,4
O=[N+]([O-])NC[*:1],ZINC000013438845,3
N[C@H](CN[N+](=O)[O-])[*:1],ZINC000013438845,5
O=[N+]([O-])N[*:1],ZINC000013438845,1
C=C(C)CCO[*:1],ZINC000014590720,7
C[C@H]([C@H](N)C(=O)O)[*:1],ZINC000005759722,3
C[C@H](O)[C@H](C)[*:1],ZINC000005759722,3
C[C@@H]([C@H](C)O)[C@H](N)[*:1],ZINC000005759722,6
C/C(=N\O)[*:1],ZINC000100755622,1
C[C@H]1CC(=O)O[C@@H]1[*:1],ZINC000005820498,2
CC(C)N(C(C)C)[*:1],ZINC000230070342,4
O=C/C=C/C[*:1],ZINC000014619236,6
O=C/C=C/CC[*:1],ZINC000014619236,7
O=C/C=C/CCC[*:1],ZINC000014619236,9
O=C(C1=NCCC1)[*:1],ZINC000013305956,2
CC/C=C/[*:1],ZINC000085951537,2
CC/C=C/C[*:1],ZINC000085951537,4
CC(C)=CC(=O)[*:1],ZINC000013415652,2
C1=CCCC(C[*:1])=C1,ZINC000013415652,3
C1=CCCC([*:1])=C1,ZINC000013415652,1
O[C@@H]1CCCC[C@@H]1[*:1],ZINC000031159830,3
C[N@@+]1([O-])CCC[C@@H]1[*:1],ZINC000242649207,2
CS(=O)(=O)NC[*:1],ZINC000030881204,4
c1cc[n+](C[*:1])cc1,ZINC000003202703,1
c1cc[n+]([*:1])cc1,ZINC000003202703,1
CC[C@@H](CCO)[*:1],ZINC000085624905,8
C#CC#C[C@@H](O)[*:1],ZINC000014722461,1
CC(=O)N(C)[C@@H](C)[*:1],ZINC000004098792,2
CC(=O)N(C)[*:1],ZINC000004098792,1
N[C@@H](CS(=O)(=O)O)[*:1],ZINC000004228276,3
C[C@@H]1C[C@@](C)([*:1])CO1,ZINC000002534722,2
COC[C@@H](CCO)[*:1],ZINC000085531388,9
C1=C[C@@H]([*:1])CO1,ZINC000006037875,1
C/C(=C/CO)[*:1],ZINC000014723366,3
CC1(C)CC[C@H]([*:1])O1,ZINC000014723366,1
OCC(Cl)(CO)[*:1],ZINC000014689090,6
c1ccn(C[*:1])c1,ZINC000000409206,1
CC#C[*:1],ZINC000150344667,1
NC(=O)OC[*:1],ZINC000008552277,3
NC(=O)O[*:1],ZINC000008552277,1
CC(C)CC(=O)N[*:1],ZINC000031160895,3
C[C@@H](CO)C[C@H](C)[*:1],ZINC000015119985,6
C[C@@H](CO)C[*:1],ZINC000015119985,7
CC[C@@H](C)C[C@@H](C)[*:1],ZINC000015119985,8
O=C1C[C@H](O)[C@H]([*:1])O1,ZINC000006761039,3
Cn1cccc1C[*:1],ZINC000108449665,1
O=C1NCCN[C@@H]1[*:1],ZINC000824519426,2
CCC[C@H](C[*:1])SC,ZINC000014589066,9
CCC[C@@H](SC)[*:1],ZINC000014589066,8
CC(C)(C#N)[*:1],ZINC000003984017,1
CC(C)(C#N)O[*:1],ZINC000003984017,3
C/C=C(/C(C)C)[*:1],ZINC000118936782,3
C/C=C(\C[*:1])C(C)C,ZINC000118936782,6
O[C@@H](CCl)C[*:1],ZINC000067910729,8
C/C=C(\C(=O)O)[*:1],ZINC000000897447,1
CC(C)[C@H](C)C[*:1],ZINC000248290294,5
CC(C)[C@H](C)CC[*:1],ZINC000248290294,6
CCO[C@@H](C)[*:1],ZINC000095619620,3
C[C@@H](O[*:1])C(=O)O,ZINC000095619620,1
CCO[C@@H](C)O[*:1],ZINC000095619620,3
N#CCN[*:1],ZINC000059409791,3
CNC[C@H](O)[*:1],ZINC000150344628,4
C[C@H](O)C(=O)N[*:1],ZINC000036467089,2
S[C@H]1CCS[C@H]1[*:1],ZINC000032161937,2
C[C@@H]1SCC[C@@H]1[*:1],ZINC000032161937,2
O=C1CCC[C@H]([*:1])O1,ZINC000044710259,2
OCc1cc([*:1])no1,ZINC000067898065,2
O=C/C=C\[*:1],ZINC000013371354,2
CC(/C=C\C=O)=C/[*:1],ZINC000013371354,2
COCCCC[*:1],ZINC000069482147,9
COCCCCC[*:1],ZINC000069482147,9
CC[C@@](C)(O)C[*:1],ZINC000001716732,7
CC[C@@](C)(O)CC[*:1],ZINC000001716732,7
COC(=O)[C@H](C)O[*:1],ZINC000006073978,2
CN(C)CCC[*:1],ZINC000002109129,7
CN(C)CCCN[*:1],ZINC000002109129,9
CC[C@@H](C)SS[*:1],ZINC000014593112,9
CC(C)(C)OC(=O)[*:1],ZINC000014593112,1
C=C(C)[C@@H](O)[*:1],ZINC000015147358,3
C=C(C)[C@@H](O)C[*:1],ZINC000015147358,5
N[C@@H](CS)[*:1],ZINC000004095652,3
N[C@@H](CS)C(=O)N[*:1],ZINC000004095652,5
O[C@@H](c1ccoc1)[*:1],ZINC000095619890,4
CCOC(=S)N[*:1],ZINC000014444136,3
CCOC(=S)NC[*:1],ZINC000014444136,5
CC(=O)CC(=O)O[*:1],ZINC000001673347,5
O=C(O)CCC(=O)[*:1],ZINC000095618249,6
O=C1C[C@@H](O)[C@@H]([*:1])O1,ZINC000006761088,2
C[C@@H]1CC=C([*:1])C1=O,ZINC000100828310,2
C[C@@H](C=O)CC[*:1],ZINC000001681318,6
C[C@@H](C=O)C[*:1],ZINC000001681318,4
C[C@@H](C=O)[*:1],ZINC000001681318,2
CCC[C@H](C=O)[*:1],ZINC000001681318,6
CCC[C@@H](C)[*:1],ZINC000001681318,3
CCOC(=O)C#C[*:1],ZINC000001732441,3
c1ccc(S[*:1])cc1,ZINC000001688763,2
O[C@@H]1C=CC=C[C@H]1[*:1],ZINC000003869593,1
c1cc(C[*:1])ccn1,ZINC000208427717,1
C(=C/[*:1])/c1c[nH]cn1,ZINC000013524067,2
C[C@H]1CO[C@H]([*:1])O1,ZINC000001228645,2
C=C[C@](C)(OC=O)[*:1],ZINC000001677786,4
C/C(=C/CO[*:1])CO,ZINC000014590663,7
CC(C)[C@H](O)[C@H](O)[*:1],ZINC000263621854,6
C[S@](=O)/C=C/[*:1],ZINC000257565422,2
C[S@](=O)[*:1],ZINC000257565422,1
CC(C)[C@@H](C)[*:1],ZINC000257484781,2
OC[C@H](O)[C@@H](O)C[*:1],ZINC000014725861,7
CS[C@H](C)SSC[*:1],ZINC000014593594,9
CS[C@H](C)SS[*:1],ZINC000014593594,7
C=CCSS[C@@H](C)[*:1],ZINC000014593594,8
C/C=C(\CO)[*:1],ZINC000015217519,3
C=C(OC(C)=O)[*:1],ZINC000000154688,3
C=C(C)OC(=O)[*:1],ZINC000000154688,3
CC[C@@H](C)C(=O)[*:1],ZINC000013308334,5
CC[C@@H](C)[C@@H](O)[*:1],ZINC000014414825,6
C[C@]1([*:1])CO1,ZINC000014414825,1
O=C(O)/C=C/C=C\[*:1],ZINC000014414825,1
CC(C)[C@@H](C)/C=C/[*:1],ZINC000004084618,2
O[C@H]1CC[C@@H]([*:1])NC1,ZINC000005134646,2
O=C1C=C/C(=C/[*:1])O1,ZINC000013533446,1
C=CCN(C)[*:1],ZINC000030878682,4
C=CCN(C)C[*:1],ZINC000030878682,9
C=CCN(C)CC[*:1],ZINC000030878682,8
CCS[C@@H](C)SS[*:1],ZINC000015204730,10
CCSS[*:1],ZINC000015204730,5
CCS[C@@H](C)[*:1],ZINC000015204730,3
CCSS[C@H](C)[*:1],ZINC000015204730,8
CCS[*:1],ZINC000015204730,2
CCSS[C@H](C)S[*:1],ZINC000015204730,8
CN1CCC([*:1])CC1,ZINC000004081251,4
C[N+](C)(C)CCO[*:1],ZINC000005649353,3
C[C@@H](CO)CC(=O)[*:1],ZINC000085592672,7
SCS[*:1],ZINC000095618238,2
CC1([*:1])OCCO1,ZINC000253498619,1
C1CC[C@H](O[*:1])OC1,ZINC000253498619,3
C1CC[C@H]([*:1])OC1,ZINC000253498619,2
CC(C)[C@@H](C)C[*:1],ZINC000118937156,5
Cl/C=C(/Cl)SC[*:1],ZINC000030728756,4
Cl/C=C(/Cl)S[*:1],ZINC000030728756,2
Cl/C=C(/Cl)[*:1],ZINC000030728756,1
C[C@@H](O)[C@H](N)[*:1],ZINC000035307752,3
O=C/C=C/C=C\C[*:1],ZINC000013433325,5
O=C/C=C/C=C\[*:1],ZINC000013433325,2
CC(C)OCCC[*:1],ZINC000002100791,7
CC(C)OCC[*:1],ZINC000002100791,6
CC(C)OC[*:1],ZINC000002100791,3
OCC/C=C/[*:1],ZINC000100782464,5
O=S1(=O)CC[C@@H]([*:1])C1,ZINC000003865981,3
COC(=O)[C@@H](SC)[*:1],ZINC000000409386,7
CC[C@@H](C(=O)OC)[*:1],ZINC000000409386,5
CC[C@H](SC)[*:1],ZINC000000409386,7
NS(=O)(=O)[*:1],ZINC000002940728,1
CC(C)(C)CC[*:1],ZINC000604381063,3
C[C@@H](C=O)[C@@H](S)C[*:1],ZINC000032165379,5
C[C@@H](C=O)[C@@H](S)[*:1],ZINC000032165379,6
CC[C@@H]([C@@H](C)C=O)[*:1],ZINC000032165379,8
CC[C@H](S)[C@H](C=O)[*:1],ZINC000032165379,8
CC[C@H](S)[C@@H](C)[*:1],ZINC000032165379,6
O=C1C=C(C[*:1])CO1,ZINC000085542164,3
OC1([*:1])CCCCC1,ZINC000008298605,2
O=C(N[*:1])C1CC1,ZINC000514289727,2
CS(=O)(=O)O[*:1],ZINC000253505072,2
O=C(NC[*:1])C1CC1,ZINC000077263645,5
CC[C@H](O)[*:1],ZINC000257414577,3
COCCOC(=O)[*:1],ZINC000001786655,10
CC(C)CN[*:1],ZINC000004073243,4
CC(C)CNC[*:1],ZINC000004073243,5
CC(C)(C)CCN[*:1],ZINC000005283951,6
CC1CCN([*:1])CC1,ZINC000020466033,2
CC(C)NC[*:1],ZINC000020466033,4
CC(C)N[*:1],ZINC000020466033,2
CN[C@@H](C(C)C)[*:1],ZINC000100822999,5
CCC/C=C/CC[*:1],ZINC000005819412,5
CC/C=C/C[C@H](O)[*:1],ZINC000012496564,7
CC(=O)CCC[*:1],ZINC000014825433,8
C/C(C=O)=C/[*:1],ZINC000014690773,2
C/C(C=O)=C/C[*:1],ZINC000014690773,4
C/C(C=O)=C/CC[*:1],ZINC000014690773,8
C[C@H](O)[C@@H](N)[*:1],ZINC000034334765,3
CC[C@H](O)C#C[*:1],ZINC000014253959,3
CCC(=O)OCC[*:1],ZINC000014614595,7
Clc1cc([*:1])ccn1,ZINC000005434168,1
FC(F)(F)O[*:1],ZINC000067890436,1
O=S=CC[*:1],ZINC000004658604,3
O=S=C[*:1],ZINC000004658604,1
C=C([C@@H](O)CO)[*:1],ZINC000100778731,7
Cn1ccnc1S[*:1],ZINC000001022602,3
Cc1noc(C)c1[*:1],ZINC000514289396,1
C[C@@H](O)C(=O)OC[*:1],ZINC000014507030,5
C[C@@H](O)C(=O)O[*:1],ZINC000014507030,2
O=C(O)CC(=O)N[*:1],ZINC000013383344,5
CC[C@@H]1O[C@H]1C[*:1],ZINC000004654965,4
OCCCO[*:1],ZINC000085594996,5
C[N+](=O)N[*:1],ZINC000410428638,3
C[N+](=O)NC[*:1],ZINC000410428638,2
C[N+](=O)NCO[*:1],ZINC000410428638,5
CC(=O)CC(=O)C[*:1],ZINC000004552332,7
CCCC(=O)C[*:1],ZINC000004552332,7
CN[C@H](CCO)[*:1],ZINC000085493879,7
C/C=C\[C@H](C(=O)O)[*:1],ZINC000030731335,4
C/C=C\[C@@H](CCC)[*:1],ZINC000030731335,7
C[C@@H]([C@@H](N)C(=O)O)[*:1],ZINC000000388313,2
C[C@H]([C@H](O)CO)[*:1],ZINC000002037827,5
C[C@@H](O)[C@@H](CO)[*:1],ZINC000002037827,4
C[C@@H](O)[C@H](O)[*:1],ZINC000002037827,3
C[C@@H](O)[C@H](O)C[*:1],ZINC000002037827,7
CC1(C)CC[C@@H]([*:1])O1,ZINC000005132594,3
CC(C)[C@H](C)[C@H](O)[*:1],ZINC000252515359,5
Cc1nccnc1[*:1],ZINC000000404073,1
CC(C)CCO[*:1],ZINC000150342840,5
C[N@+]1([O-])CCC[C@@H]1[*:1],ZINC000242649153,2
O=C(O)CC(=O)C[*:1],ZINC000257485926,6
O=C(O)CC(=O)[*:1],ZINC000257485926,5
C[C@@H](C(C)(C)C)[*:1],ZINC000002039807,1
C1=C[C@H]2O[C@H]2C([*:1])=C1,ZINC000030728634,1
C[C@H]1CCCCN1[*:1],ZINC000023135318,2
C=C[C@@H](O)[*:1],ZINC000072320240,2
C=C[C@@H](O)C#C[*:1],ZINC000072320240,2
C[S@](=O)C[*:1],ZINC000255994366,3
C[S@](=O)CC[*:1],ZINC000255994366,4
C[S@](=O)CCC[*:1],ZINC000255994366,7
CC[C@H](C)O[*:1],ZINC000257402423,3
COC/C=C/[*:1],ZINC000257499405,5
Cc1csc(C[*:1])n1,ZINC000000396075,4
CCc1nc([*:1])cs1,ZINC000000396075,3
C1=C([*:1])SCC1,ZINC000032230211,1
CCOC(=O)[C@H](O)[*:1],ZINC000039374929,6
CC/C=C\C[C@@H](O)[*:1],ZINC000035454828,5
CC(C)[C@H](C)[C@@H](O)[*:1],ZINC000030729869,7
OO[*:1],ZINC000044431495,1
FC(F)(F)CO[*:1],ZINC000021981235,3
FC(F)(F)C[*:1],ZINC000021981235,1
O=[P@]1(O)OC[C@@H]([*:1])O1,ZINC000040164575,2
S[C@H](c1ccco1)[*:1],ZINC000032163924,2
C[C@@H](c1ccco1)[*:1],ZINC000032163924,1
CC(C)(O)/C=C/C[*:1],ZINC000015120782,4
CC(C)(O)/C=C/[*:1],ZINC000015120782,2
C[C@@H](Br)C(=O)O[*:1],ZINC000253530141,3
C[C@@H](Br)[*:1],ZINC000253530141,1
CSCC[C@@H](CO)[*:1],ZINC000012895182,9
c1cc(CC[*:1])co1,ZINC000015168066,5
c1cc(C[*:1])co1,ZINC000015168066,2
C1=NCCC/C1=C/[*:1],ZINC000095618368,2
CC(C)SC(C)[*:1],ZINC000001674077,3
C[C@@H](C[C@H](C)O)C[*:1],ZINC000005837961,9
C[C@H](O)C[C@H](C)[*:1],ZINC000005837961,7
CCC[C@@H](C)C[*:1],ZINC000005837961,8
O=NN1CSC[C@H]1[*:1],ZINC000031351564,4
CC#CC#C[*:1],ZINC000014771821,1
CC#CC#CC#C[*:1],ZINC000014771821,1
CCCCC[C@H](C)[*:1],ZINC000257499181,8
CC(C)C(=O)S[*:1],ZINC000004654636,4
CC(C)C(=O)SC[*:1],ZINC000004654636,7
NC(=O)CCCC[*:1],ZINC000004654636,9
CCOC(=O)CN[*:1],ZINC000059415056,7
CO[C@H]([C@H](C)O)[*:1],ZINC000100822415,3
CCC[C@@H](O)[*:1],ZINC000001529768,4
CCC[C@@H](O)C[*:1],ZINC000001529768,7
C[C@@H](c1nccs1)[*:1],ZINC000002510149,1
CN[C@@H](C)[*:1],ZINC000100771539,2
CN[C@@H](C)/C(O)=N/[*:1],ZINC000100771539,6
CC1=CC=C([*:1])CC1,ZINC000000967593,1
CCC(=O)N[*:1],ZINC000032124475,1
CNC[C@H](C)[*:1],ZINC000085630786,6
CNC[C@H](C)C[*:1],ZINC000085630786,8
C=C([C@@H](N)C(=O)O)[*:1],ZINC000013354887,3
C=C(CCC)[*:1],ZINC000013354887,7
C=C(CCC)[C@@H](N)[*:1],ZINC000013354887,10
CC[C@H]1O[C@@H]1C[*:1],ZINC000014616312,3
CC(=O)CCCC[*:1],ZINC000038782596,8
O=C(OCCO)O[*:1],ZINC000100779841,7
C[C@@H]1CO[C@H]([*:1])C1,ZINC000014724255,1
CC(/C=C/CO)=C\[*:1],ZINC000015156995,3
C=C(CC)[*:1],ZINC000257448279,3
C=C(CC)C[*:1],ZINC000257448279,5
C=C(CC)CC[*:1],ZINC000257448279,9
C[C@@H](N(C)C)[*:1],ZINC000100771535,3
CC1(C)O[C@H]1[C@H](O)[*:1],ZINC000014587141,3
O=C(O)CNCC[*:1],ZINC000001721201,8
O=C(O)CNC[*:1],ZINC000001721201,5
O=C(O)CCN[*:1],ZINC000001721201,7
O=C(O)CCNC[*:1],ZINC000001721201,9
CS(=O)(=O)C[S@@](=O)[*:1],ZINC000013508378,6
CCC[C@@H](C)[C@@H](C)[*:1],ZINC000085972363,8
CC(C)/C=C\C(=O)[*:1],ZINC000100018178,2
CC(C)/C=C\[*:1],ZINC000100018178,3
CC(=O)/C=C\[*:1],ZINC000100018178,2
CC(=O)/C=C\C(C)[*:1],ZINC000100018178,3
C[C@@H](NC1CCC1)[*:1],ZINC000096296887,6
CC(=O)O[C@@H](C)[*:1],ZINC000000394812,1
CC(=O)O[C@@H](C)C[*:1],ZINC000000394812,3
C/C=C/C=C/C=C\[*:1],ZINC000013433807,1
C[C@](O)(C(=O)O)[*:1],ZINC000000895427,1
CC(=O)[C@@](C)(O)[*:1],ZINC000000895427,2
CCS[C@@H](CC)[*:1],ZINC000015204733,6
CCSS[C@H](CC)[*:1],ZINC000015204733,8
C/C(=C\C=C/[*:1])CO,ZINC000014649996,2
CCCC[C@H](N)[*:1],ZINC000085510594,7
CCCC[C@H](N)C[*:1],ZINC000085510594,8
O=C(O)/C=C/CC[*:1],ZINC000085510594,7
O=C(O)/C=C/C[*:1],ZINC000085510594,3
C[C@@](O)(CC(=O)O)[*:1],ZINC000257592650,5
CC[C@@H]1O[C@@H]1[*:1],ZINC000027638934,2
CC[C@@H]1O[C@@H]1C[*:1],ZINC000027638934,4
BrC(Br)=C[*:1],ZINC000003872235,1
Cc1nnnn1[*:1],ZINC000079193234,1
OC(O)[*:1],ZINC000085627878,1
COC(=O)CO[*:1],ZINC000263584746,3
C/C=C/[S@@](=O)[*:1],ZINC000014680312,2
CCCSS[*:1],ZINC000014680312,7
C[C@@H](O)[C@H](C)[*:1],ZINC000006021105,3
C[C@H](C(=O)O)[C@H](O)[*:1],ZINC000006021105,5
C[C@H](C(=O)O)[C@@H](C)[*:1],ZINC000006021105,6
C=C(CC(C)=O)[*:1],ZINC000002038441,5
C=C(C)CC(=O)[*:1],ZINC000002038441,4
O=C(O)/C(=C\[*:1])CO,ZINC000118937221,3
CC1CCC([*:1])CC1,ZINC000169767287,2
O=CN(O)[*:1],ZINC000012502867,2
O=P(O)(O)CCC[*:1],ZINC000012502867,3
O=CN(O)C[*:1],ZINC000012502867,4
O=P(O)(O)CC[*:1],ZINC000012502867,2
O=CN(O)CC[*:1],ZINC000012502867,5
O=CN(O)CCC[*:1],ZINC000012502867,6
CC(C)[C@@H](C)CC[*:1],ZINC000257805859,7
CC[C@@H](O)[C@@H](O)[*:1],ZINC000013380365,6
O=C1C=C[C@H]([*:1])N1,ZINC000015044709,1
O=C1C=C[C@H](O[*:1])N1,ZINC000015044709,1
CC(C)CO[*:1],ZINC000012137772,6
O=C1CC(=O)[C@@H]([*:1])C1,ZINC000014439079,2
C[C@](O)(C[*:1])C(=O)O,ZINC000255967113,3
C[C@@](O)(C(=O)O)[*:1],ZINC000255967113,1
c1ncn(C[*:1])n1,ZINC000062001643,2
c1ncn([*:1])n1,ZINC000062001643,1
C[C@H](C(C)(C)O)[*:1],ZINC000012495144,3
COC(=O)[C@@H](N)[*:1],ZINC000037459807,2
C[C@H](N)C[*:1],ZINC000002034865,3
O[C@H]1[C@H](O)CO[C@@H]1[*:1],ZINC000095876594,3
Oc1cccnc1[*:1],ZINC000150351754,1
CCC[C@H](C(=O)O)[*:1],ZINC000002122345,7
NC(=O)CNC(=O)[*:1],ZINC000004899446,5
C/C(=C\C#N)[*:1],ZINC000257402545,1
C/C(=C\C#N)C[*:1],ZINC000257402545,3
C/C(=C\C#N)CO[*:1],ZINC000257402545,4
C/N=C(\NC)N[*:1],ZINC000005965908,1
C/N=C(\NC)NC[*:1],ZINC000005965908,3
CC[C@H](CS)CC[*:1],ZINC000005138397,9
CC[C@H](CS)C[*:1],ZINC000005138397,7
CC[C@H](CS)[*:1],ZINC000005138397,8
CCCC[C@@H](CS)[*:1],ZINC000005138397,9
CC1=C[C@@H]([*:1])CCC1,ZINC000014588924,2
CC(C)=CC(=O)C[*:1],ZINC000014444279,2
CC[C@@H](O)[C@H](O)[*:1],ZINC000012493871,5
CCC[C@@H](C)[C@H](C)[*:1],ZINC000085972368,8
CCCS[C@H](CC)[*:1],ZINC000014679960,8
N[C@H](CO[*:1])C(=O)O,ZINC000070665010,4
C[C@H]1CO[C@H](C[*:1])O1,ZINC000001584047,5
O[C@@H]1[C@H](O)CO[C@@H]1[*:1],ZINC000004095723,3
O[C@@H]1[C@H]([*:1])CO[C@@H]1O,ZINC000004095723,3
O[C@@H]1CO[C@H](O)[C@@H]1[*:1],ZINC000004095723,2
C1CC(C[*:1])CCN1,ZINC000013744635,4
COC(=O)N[*:1],ZINC000086004119,1
CC(=O)SC[*:1],ZINC000001850956,4
CCSC(=O)[*:1],ZINC000001850956,5
OC(O)CCCC[*:1],ZINC000085589061,9
OC(O)CCC[*:1],ZINC000085589061,7
OC(O)CC[*:1],ZINC000085589061,5
OC(O)C[*:1],ZINC000085589061,2
O=C1CO[C@H]([*:1])CO1,ZINC000095619613,2
S[C@]1([*:1])CCCS1,ZINC000032163937,1
C[C@@]1([*:1])CCCS1,ZINC000032163937,1
C=CCNC(=O)[*:1],ZINC000012882058,7
O=C(c1ccc[nH]1)[*:1],ZINC000070708145,2
c1c[nH]c([*:1])c1,ZINC000070708145,1
CC[C@@H](C(=O)O)[*:1],ZINC000070708145,5
CC[C@H](CO)NC[*:1],ZINC000004084901,8
CC[C@H](CO)N[*:1],ZINC000004084901,8
CC[C@H](CO)[*:1],ZINC000004084901,6
C/C(=C\CC(=O)O)[*:1],ZINC000514288159,4
Cc1cnc([*:1])cn1,ZINC000001850662,1
N[C@H](CN[*:1])C(=O)O,ZINC000022930737,4
CC[C@H](O)[C@H](O)[*:1],ZINC000034961806,5
CC[C@H](O)[C@H](O)C[*:1],ZINC000034961806,9
CN(C)CCO[*:1],ZINC000005689010,8
CCCS[S@@](=O)C[*:1],ZINC000014679953,10
CCCS[S@@](=O)[*:1],ZINC000014679953,8
C=CC[S@](=O)S[*:1],ZINC000014679953,8
C=CC[S@](=O)SC[*:1],ZINC000014679953,8
CCCCC(=O)O[*:1],ZINC000005510216,7
C[C@H](O)[C@H](C(=O)O)[*:1],ZINC000050027413,7
O=NSC[*:1],ZINC000003872731,3
O=NS[*:1],ZINC000003872731,2
C=C[C@@H](CC)[*:1],ZINC000001692449,5
C=C[C@H](O)C[*:1],ZINC000001692449,3
O=C1OCC/C1=C/[*:1],ZINC000026974185,1
C[S@](=N)(=O)[*:1],ZINC000012366795,1
C[S@](=N)(=O)C[*:1],ZINC000012366795,3
C[S@](=N)(=O)CC[*:1],ZINC000012366795,5
C=CC(=C)[*:1],ZINC000257452681,1
C=CC(=C)C[*:1],ZINC000257452681,3
C=CC(=C)CC[*:1],ZINC000257452681,7
OC[C@H](O)/C=C/[*:1],ZINC000014771496,4
CNC[C@@H](O)[*:1],ZINC000000113359,3
C/C(C=O)=C\[*:1],ZINC000257377472,2
C/C(C=O)=C\C[*:1],ZINC000257377472,4
C/C(C=O)=C\CC[*:1],ZINC000257377472,7
O=CS[*:1],ZINC000001850318,2
O=CSC[*:1],ZINC000001850318,5
C=C(C(C)=O)[*:1],ZINC000070454920,2
C[C@@](O)(CO)CO[*:1],ZINC000087492869,6
C[C@@](O)(CO)C[*:1],ZINC000087492869,6
C[C@H](S)C(=O)[*:1],ZINC000004802659,3
CC(=O)[C@@H](S)[*:1],ZINC000004802659,3
CC[C@H](OC(C)=O)[*:1],ZINC000002560610,3
CC(C)[C@H](O)C[*:1],ZINC000261496906,6
CC(C)[C@H](O)CC[*:1],ZINC000261496906,8
COC(=O)[C@H](N)[*:1],ZINC000037459796,2
O[C@H]1CC[C@H]([*:1])CC1,ZINC000100113204,2
CN1C(=O)CC[C@@H]1[*:1],ZINC000022055131,2
OC/C=C/CCC[*:1],ZINC000005113046,10
OC/C=C/CC[*:1],ZINC000005113046,5
OC/C=C/C[*:1],ZINC000005113046,5
O/N=C/[*:1],ZINC000100755428,1
N/C(=N/O)[*:1],ZINC000002547403,1
N/C(C[*:1])=N/O,ZINC000002547403,3
C1OCC1[*:1],ZINC000225381572,1
C1CN=C([*:1])C1,ZINC000000159590,1
CC(C)=CCCO[*:1],ZINC000059588046,7
C[C@@]1([*:1])CO1,ZINC000014689024,1
C[C@@H](CO)NC(=O)[*:1],ZINC000008876842,2
C=C([C@H](O)CO)[*:1],ZINC000257541049,4
C=C(C[*:1])[C@H](O)CO,ZINC000257541049,8
C[C@@H](/C=C/[*:1])CCO,ZINC000033950846,8
NC/C(O)=N/[*:1],ZINC000071755676,3
CC[C@H](C(=O)O)[*:1],ZINC000004061463,5
C[C@H](O)[C@H](O)[C@@H](O)[*:1],ZINC000053683696,5
CCSC[*:1],ZINC000002011298,3
CNC(=O)O[*:1],ZINC000002011298,1
CN1CCC[C@H]([*:1])C1,ZINC000001323033,3
CC[C@H](SC)SS[*:1],ZINC000014593738,8
CC(=O)CCC(=O)[*:1],ZINC000095620546,7
C=C/C(C)=C/[*:1],ZINC000062233804,1
C=C/C(C)=C/C[*:1],ZINC000062233804,2
O=C(O)CN[C@H](O)[*:1],ZINC000015122230,6
C=C(C)[C@H](CC)C[*:1],ZINC000256427308,9
CC1=CC[C@@H]([*:1])C=C1,ZINC000014588385,1
CCCC[C@H](C)[*:1],ZINC000001850363,7
CCCC[C@H](C)C[*:1],ZINC000001850363,10
O=c1occcc1[*:1],ZINC000001433173,1
CCOC(=O)O[*:1],ZINC000001448074,3
Cc1cscc1[*:1],ZINC000002383464,1
CCNC[*:1],ZINC000001661184,3
O=C(C[*:1])[C@H](O)CO,ZINC000225283134,9
O=C([C@H](O)CO)[*:1],ZINC000225283134,5
O=C1CCCC[C@@H]1[*:1],ZINC000001577443,2
CC/C=C\CCO[*:1],ZINC000014438699,8
C/C=C(\C=O)[*:1],ZINC000095620867,2
C/C=C(\C=O)C[*:1],ZINC000095620867,4
C/C=C(\C=O)CO[*:1],ZINC000095620867,7
C/C(=N/O)[*:1],ZINC000253501618,1
C=C[C@H](CCC)[*:1],ZINC000002037591,6
C=C[C@@H](O)C[*:1],ZINC000002037591,4
C=C[C@@H](O)CC[*:1],ZINC000002037591,7
O=C(O)[C@@H](CS)[*:1],ZINC000050027024,6
CC(=O)[C@H](C)C(=O)[*:1],ZINC000032167536,4
O=C1CCC[C@@H]([*:1])O1,ZINC000002031351,1
CC(C)CCCO[*:1],ZINC000085567331,9
CC(C)=C(C)[*:1],ZINC000257408376,1
CC(C)=C(C)C[*:1],ZINC000257408376,3
CC(C)=C(C)CC[*:1],ZINC000257408376,5
O=C(CS)[*:1],ZINC000032151702,3
C1=N[CH+]N=C1[*:1],ZINC000085569078,1
CN(CCO)C[*:1],ZINC000096114531,9
CN(CCO)[*:1],ZINC000096114531,4
CC(C)C[C@H](O)[*:1],ZINC000100822477,6
C=CCS[S@@](=O)[*:1],ZINC000004097409,9
C=CCS[S@@](=O)C[*:1],ZINC000004097409,10
CCC/C=C/C=C/[*:1],ZINC000001850579,4
COC(=O)[C@H](O)[*:1],ZINC000015249514,2
O=C1CC(=O)[C@H]([*:1])C1,ZINC000086023426,3
Cc1cnc([*:1])s1,ZINC000108448656,1
O[C@H]1[C@@H](O)CN[C@@H]1[*:1],ZINC000001492232,2
O=C1OCC=C1C[*:1],ZINC000035464904,3
C[C@H](O[*:1])C(=O)O,ZINC000004027032,1
CC(C)/C=C/[*:1],ZINC000119285665,1
CC(C)/C=C/[C@@H](C)[*:1],ZINC000119285665,3
O=C(O)[C@@](O)(CO)[*:1],ZINC000012496001,3
C[C@](CO)(C(=O)O)[*:1],ZINC000012496001,6
O=c1ccccn1[*:1],ZINC000005467972,1
CC[C@H](C)NC(=O)[*:1],ZINC000004090010,3
CS(=O)(=O)C[S@](=O)[*:1],ZINC000195516223,4
O=CCC(=O)CC[*:1],ZINC000059725527,6
O=CCC(=O)C[*:1],ZINC000059725527,6
O=CCC(=O)[*:1],ZINC000059725527,6
O=S1(=O)CCCN1[*:1],ZINC000085877708,2
CNCC[*:1],ZINC000085547576,4
CNCCN[*:1],ZINC000085547576,6
CNCCNC[*:1],ZINC000085547576,10
OC[C@@H](Cl)/C=C/[*:1],ZINC000013386597,4
OC[C@@H](Cl)[*:1],ZINC000013386597,3
Cc1noc([*:1])n1,ZINC000085824347,1
CCc1scnc1[*:1],ZINC000002004972,3
O=C1NC=C[C@H]1[*:1],ZINC000015044700,1
O=C1NC=C[C@H]1O[*:1],ZINC000015044700,1
O=C1NCCC[C@@H]1[*:1],ZINC000005414660,2
C[C@H](/C=C/[*:1])CCO,ZINC000005964150,6
C[C@@H](CCO)[*:1],ZINC000005964150,4
CNCCC[*:1],ZINC000005761473,8
C[C@H](O)[C@@H](O)[C@@H](O)[*:1],ZINC000013542496,6
N[C@@H](CS[*:1])C(=O)O,ZINC000003861771,7
CSC[C@H](N)[*:1],ZINC000003861771,6
C1CC1C[*:1],ZINC000067897108,3
NC(N)=NCCC[*:1],ZINC000137578473,6
NC(N)=NCC[*:1],ZINC000137578473,4
CC[C@@H](O)C#C[*:1],ZINC000085583441,3
CCSSC[*:1],ZINC000001648264,6
ClCCN(CCCl)[*:1],ZINC000000262277,9
CN(C1CSSC1)[*:1],ZINC000000967836,4
C1SSCC1[*:1],ZINC000000967836,2
CCCN(CCC)[*:1],ZINC000101206621,7
C[C@H](C=O)CC[*:1],ZINC000002015539,6
CCC[C@@H](C=O)[*:1],ZINC000002015539,7
CC[C@@H](O)/C=C/[*:1],ZINC000100770489,4
CC(C)/C=C(\C=O)[*:1],ZINC000012953139,5
c1cnc(O[*:1])cn1,ZINC000107430576,1
CCN(CC)C(=O)[*:1],ZINC000020466091,4
O=S1(=O)C=C[C@H]([*:1])C1,ZINC000013730983,2
CN(C)C(=O)[*:1],ZINC000008299132,1
CC/C=C\CCC[*:1],ZINC000005227006,9
C=C(C)CS[*:1],ZINC000001781774,6
C/C(N)=C(/N)[*:1],ZINC000100823375,1
OC[C@@H](O)C[C@@H](O)[*:1],ZINC000095619322,9
NC(=O)[C@H](O)[*:1],ZINC000014453728,2
NC(=O)[C@H](O)C[*:1],ZINC000014453728,5
N[C@@H]1CCN[C@H]1[*:1],ZINC000022923612,2
CCOCC[*:1],ZINC000070673167,5
CCOCCC[*:1],ZINC000070673167,6
CS/C=C/CSS[*:1],ZINC000014593073,10
CS/C=C/C[*:1],ZINC000014593073,4
CC[C@@H](C)SSC[*:1],ZINC000014593073,10
C=C1C=C[C@H]([*:1])CC1,ZINC000030731483,2
O=C1C=C([*:1])CCO1,ZINC000013462805,1
C[Si](C)(C)OC[*:1],ZINC000196221474,1
C[Si](C)(C)O[*:1],ZINC000196221474,1
Cn1cncc1[*:1],ZINC000000403074,1
Cn1cncc1C[*:1],ZINC000000403074,2
CC[C@@](C)(C#N)[*:1],ZINC000100826895,3
CC[C@@](C)(C#N)O[*:1],ZINC000100826895,5
O=C(O)COC[*:1],ZINC000004260476,3
O=C(O)CC[C@@H](O)[*:1],ZINC000261496568,6
OCO[*:1],ZINC000150348370,2
CN(C)CC(=O)N[*:1],ZINC000005410405,4
CNCCCC(=O)[*:1],ZINC000002389593,8
C[C@@H](O)[C@@H](N)[*:1],ZINC000034348634,3
C[C@@H]1OC([*:1])O[C@H]1C,ZINC000001622034,1
Cc1nc([*:1])sc1C,ZINC000032153276,1
Ic1ccc([*:1])cc1,ZINC000000943309,1
CC(C)NNC(=O)[*:1],ZINC000000001579,6
N[C@H](CCCO)[*:1],ZINC000002035153,6
N[C@@H](CP(=O)(O)O)[*:1],ZINC000003873028,2
O[C@@H](/C=C/[*:1])CCl,ZINC000013386583,5
O[C@H](CCl)[*:1],ZINC000013386583,3
O=C(O)CCCN[*:1],ZINC000095619968,8
CCCC/C=C\[*:1],ZINC000070454803,9
CCCC/C=C\C[*:1],ZINC000070454803,10
O=C(O)CS[*:1],ZINC000000169889,5
Cc1coc([*:1])c1,ZINC000013374017,1
Cc1coc(C[*:1])c1,ZINC000013374017,2
CCCC/C=C/C[*:1],ZINC000005819782,9
c1nc(CC[*:1])co1,ZINC000013380571,5
c1nc(C[*:1])co1,ZINC000013380571,2
c1nc([*:1])co1,ZINC000013380571,1
C[C@@H](C[*:1])[C@@H](O)S,ZINC000095618225,5
C[C@H]([C@@H](O)S)[*:1],ZINC000095618225,3
CC[C@@H]([C@@H](O)S)[*:1],ZINC000095618225,5
O[C@@H](S)[*:1],ZINC000095618225,1
CC[C@H](C)[C@H](S)[*:1],ZINC000095618225,5
CC[C@H](C)[C@@H](O)[*:1],ZINC000095618225,7
OCCN[*:1],ZINC000001595470,5
O=Cc1cccn1[*:1],ZINC000000130187,2
CC(/C=C/[*:1])=C\CO,ZINC000012496767,3
CC[C@H](C)C(=O)[*:1],ZINC000100772820,6
C=C([C@H](C)CO)[*:1],ZINC000257407900,6
C=C(C[*:1])[C@H](C)CO,ZINC000257407900,7
C#CCNC(=O)[*:1],ZINC000015675320,3
C#CCNC(=O)C[*:1],ZINC000015675320,3
COCC[C@@H](S)C[*:1],ZINC000014589055,8
COCC[C@@H](S)[*:1],ZINC000014589055,7
CCCC[C@H](S)[*:1],ZINC000014589055,5
CCCC[C@H](S)C[*:1],ZINC000014589055,10
C[C@@H](NC(C)(C)C)[*:1],ZINC000003869638,3
C=C(C[*:1])[C@@H](O)CO,ZINC000015061220,8
C[C@@H](Cl)[C@](C)(O)[*:1],ZINC000257423765,3
C[C@@H](Cl)[*:1],ZINC000257423765,1
C1=N[C@@H]([*:1])CC1,ZINC000003870283,1
C[C@H](O[*:1])[C@@H](C)O,ZINC000257781298,3
O=C(O)CCSC[*:1],ZINC000001586443,9
O=C(O)CCS[*:1],ZINC000001586443,7
O=C1C=C[C@@H](C[*:1])O1,ZINC000005513289,3
O=C1C=C[C@@H]([*:1])O1,ZINC000005513289,1
C/C(=C/CO)CC[*:1],ZINC000014592328,8
C=C(CO)[C@H](O)[*:1],ZINC000014592328,7
C/C(=C/CO)C[*:1],ZINC000014592328,4
C=C(CO)[C@H](O)C[*:1],ZINC000014592328,8
CCC(=O)NC[*:1],ZINC000001606052,3
NCC(=O)N[*:1],ZINC000001708196,2
C1=C[C@@H]2O[C@@H]2C([*:1])=C1,ZINC000030728630,1
C[C@H](O)C#C[*:1],ZINC000257621093,1
CC(C)CCCC[*:1],ZINC000001602836,9
C=C[C@@H](O)C/C=C/[*:1],ZINC000003630807,7
CN1CCCC[C@@H]1[*:1],ZINC000003954487,2
Clc1ccc([*:1])s1,ZINC000524729864,1
CC(C)(C(=O)O)[*:1],ZINC000000007993,1
CN(C)C(=O)C[*:1],ZINC000072321317,1
C[C@H]1CCCC[C@@H]1[*:1],ZINC000252587450,2
COC(=O)C[C@H](O)[*:1],ZINC000095619880,6
COc1cc([*:1])on1,ZINC000299754366,1
CN(C)C(=O)CC[*:1],ZINC000012496548,3
OC[C@@H]1CN[C@H]([*:1])C1,ZINC000014491654,3
C1CC(N[*:1])CCO1,ZINC000077264715,3
OCC[C@H](CO)C[*:1],ZINC000252506808,10
OCC[C@H](CO)[*:1],ZINC000252506808,9
NCC(=O)NC[*:1],ZINC000008914656,5
CCCOC(=O)C[*:1],ZINC000001848538,6
c1cc(S[*:1])ccn1,ZINC000082105373,2
CCC(=O)C[*:1],ZINC000100024297,3
CCOC(=O)C(=O)[*:1],ZINC000100024297,3
Cc1ccc([*:1])cn1,ZINC000000967331,1
NCCS[*:1],ZINC000013352038,6
CCc1ncsc1[*:1],ZINC000032153930,3
CC(=O)/C=C/C=C/[*:1],ZINC000001761712,2
CCC[C@@H](C(C)C)[*:1],ZINC000118937134,7
C1CC1CN[*:1],ZINC000604382180,3
O=C1CCC[C@@H]1C[*:1],ZINC000005158603,4
O=C1CCC[C@@H]1[*:1],ZINC000005158603,2
OC1CCC([*:1])CC1,ZINC000008383223,2
CN/C(N)=N/[*:1],ZINC000085493361,1
CC[C@H](C)C(=O)N[*:1],ZINC000003649876,5
C[C@@H]1CO[C@H](C[*:1])O1,ZINC000005735816,4
C[C@@H]1CO[C@H]([*:1])O1,ZINC000005735816,2
CC(C)=CC[C@@H](O)[*:1],ZINC000014825463,3
C1C[C@@H](CC[*:1])SS1,ZINC000085590843,4
C1C[C@@H](C[*:1])SS1,ZINC000085590843,4
C1C[C@@H]([*:1])SS1,ZINC000085590843,2
CC[C@H](S)S[C@H](S)[*:1],ZINC000095620581,7
CC[C@@H](S)[*:1],ZINC000095620581,3
CC[C@H](S)S[*:1],ZINC000095620581,5
O[C@@H]1[C@H](O)CN[C@H]1[*:1],ZINC000001492231,2
C=CCO[*:1],ZINC000096221507,5
CC[C@H]1O[C@H]1[*:1],ZINC000027638954,2
CC[C@H]1O[C@H]1C[*:1],ZINC000027638954,5
O=C(O)COCC[*:1],ZINC000001712617,7
O=C/C=C\C=C\[*:1],ZINC000013540493,2
C/C=C/C=C\[*:1],ZINC000013540493,1
O=c1ccc([*:1])co1,ZINC000257382979,1
C1=N[CH+]C(C[*:1])=N1,ZINC000103544252,3
C1=N[CH+]C([*:1])=N1,ZINC000103544252,1
Cc1cc([*:1])nn1C,ZINC000096113317,1
C=C1CN[C@H]([*:1])C1,ZINC000005157439,1
O=C(O)[C@@H]1C[C@@H]1[*:1],ZINC000002558026,1
C[C@H]1C[C@H]([*:1])OC1=O,ZINC000013462979,2
OC[C@H](O)C[C@H](O)[*:1],ZINC000003979055,9
O=C/C=C/[C@@H](O)C[*:1],ZINC000012496340,6
O=C/C=C/[C@@H](O)[*:1],ZINC000012496340,3
CC(C)/C=C/C(=O)[*:1],ZINC000005358286,5
O=C(O)C(=O)[C@@H](O)[*:1],ZINC000025669369,2
CC[C@H](C[*:1])C(=O)O,ZINC000002027353,7
Cc1cnn([*:1])c1,ZINC000952844599,1
CCCCC[C@@H](C)[*:1],ZINC000015272302,9
COC(=S)N[*:1],ZINC000014444117,4
COC(=S)NC[*:1],ZINC000014444117,6
O=C(O)[C@H](O)[C@H](O)[*:1],ZINC000000901063,3
CC(=O)N(C)CC[*:1],ZINC000033685765,8
CC(=O)N(C)C[*:1],ZINC000033685765,3
CC[C@H](O)CC[*:1],ZINC000002013201,7
CC[C@H](O)C[*:1],ZINC000002013201,5
CCC[C@H](CC)[*:1],ZINC000002013201,7
CC/C=C/CC[*:1],ZINC000002038539,5
Cn1nnnc1[*:1],ZINC000003830396,1
Cn1nnnc1S[*:1],ZINC000003830396,3
C[C@@H]([C@H](O)CO)[*:1],ZINC000001701739,5
C[C@H](O)[C@@H](CO)[*:1],ZINC000001701739,7
C[C@H](O)[C@H](O)C[*:1],ZINC000001701739,7
CCOC(=O)[C@@H](C)[*:1],ZINC000001013659,5
CC(C)=C/C=C\[*:1],ZINC000078954729,1
CS[C@@H](CC=O)C[*:1],ZINC000033506403,8
CS[C@@H](CC=O)[*:1],ZINC000033506403,8
CCC[C@H](CC=O)[*:1],ZINC000033506403,6
C1CC(C[*:1])CCO1,ZINC000263586547,3
O=CN[C@H](C(=O)O)[*:1],ZINC000001532827,1
c1coc(CO[*:1])c1,ZINC000001668230,4
C[C@@H]1CC=C([*:1])CC1,ZINC000077050244,3
CSC(C)[*:1],ZINC000002039466,3
N=C(O)[*:1],ZINC000085551904,1
C[C@@H]1S[C@@H](C)N=C1[*:1],ZINC000031500668,2
CC1=N[C@H](C)S[C@H]1[*:1],ZINC000031500668,2
C=C[C@H](O)CC[*:1],ZINC000001680040,8
C=C[C@H](O)CCC[*:1],ZINC000001680040,6
NCCCC(=O)N[*:1],ZINC000013537153,3
Cc1cccc([*:1])n1,ZINC000000967330,1
N[C@H]1CCN[C@@H]1[*:1],ZINC000022923615,2
CCOC[C@@H](O)[*:1],ZINC000013351051,8
CCCC[C@H](Br)[*:1],ZINC000070692196,7
CC(C)C[C@H](N)[*:1],ZINC000004556774,6
CC(C)C/N=C(\O)[*:1],ZINC000085663717,4
O/N=C(\O)C[*:1],ZINC000002545150,2
N[C@@H](C/C(O)=N/O)[*:1],ZINC000002545150,4
O/N=C(\O)[*:1],ZINC000002545150,1
OC1=N[C@@H]([*:1])C=C1,ZINC000005566501,1
CC(=O)O[C@H](C)C[*:1],ZINC000005751251,3
CO[C@@H](C)[*:1],ZINC000100777113,1
Nc1ccc([*:1])cn1,ZINC000085568358,1
C[C@H](/C=C\[*:1])C(=O)O,ZINC000007998855,5
NCCC(=O)N[*:1],ZINC000002040854,3
O=[S@@](CCO)[*:1],ZINC000052650196,6
O=C1C[C@@H]([*:1])C(=O)O1,ZINC000095619733,2
OC[C@H]1C=C[C@@H]([*:1])O1,ZINC000018037522,3
O=C1CO[C@@H]([*:1])CO1,ZINC000095619614,2
NCC[C@@H](O)C[*:1],ZINC000095618364,9
NCC[C@@H](O)[*:1],ZINC000095618364,6
CCCCCC#C[*:1],ZINC000013484715,6
CCO[C@@H](C)OC[*:1],ZINC000005820722,4
CC(C)[C@@](O)(CO)[*:1],ZINC000257455178,6
O=C(O)CSC[*:1],ZINC000005433876,7
CN[C@H](C(=O)O)[*:1],ZINC000085493825,3
N#CC[C@](O)(CO)[*:1],ZINC000015060513,4
C[C@H]1CCC[C@H]([*:1])N1,ZINC000004015911,2
O=CCCCC(=O)[*:1],ZINC000075518672,8
COC(=O)/C=C\C[*:1],ZINC000031284479,4
COCC(=O)NC[*:1],ZINC000022471192,8
O[C@@H]1[C@H]([*:1])OC[C@@H]1O,ZINC000257403734,2
CC(=O)OCC(C)[*:1],ZINC000000388187,5
CC(C)CC(=O)C[*:1],ZINC000014444408,4
CNC(=O)/C=C(\C)[*:1],ZINC000013827879,2
COP(=O)(OC)O[*:1],ZINC000013827879,4
CC[C@H](C)C[C@H](C)[*:1],ZINC000079566593,8
O=C(C1CCCC1)[*:1],ZINC000085592498,5
C[C@H](S)S[C@H](S)[*:1],ZINC000032163196,7
C[C@H](S)S[C@@H](C)[*:1],ZINC000032163196,8
C[C@H](S)S[*:1],ZINC000032163196,2
O=C(O)[C@H](O)[C@@H](O)[*:1],ZINC000004215172,3
C/C=C\C[*:1],ZINC000095099581,2
C/C=C\CC[*:1],ZINC000095099581,4
C/C=C\C(=O)[*:1],ZINC000014591970,2
C/C=C\C(=O)[C@@H](C)[*:1],ZINC000014591970,3
C=CCNC(=O)N[*:1],ZINC000012489800,5
Cc1cc(C)n([*:1])n1,ZINC000230208075,1
C/C=C\[S@@](=O)C[*:1],ZINC000014680223,4
C/C(C=O)=C\C=C\[*:1],ZINC000100782928,2
O[C@@H]1CCCN[C@@H]1[*:1],ZINC000082402583,3
CN(C(=O)C1CC1)[*:1],ZINC000263586491,2
OC[C@]1([*:1])CO1,ZINC000014689034,2
C/C(=C\[*:1])CCCO,ZINC000014594127,8
O=CC[C@@H](O)CO[*:1],ZINC000085593034,8
O=CC[C@@H](O)C[*:1],ZINC000085593034,7
O=CC[C@@H](O)[*:1],ZINC000085593034,5
Cc1cnc(C[*:1])o1,ZINC000032166953,3
Cc1cnc([*:1])o1,ZINC000032166953,1
C=C=C[*:1],ZINC000001850304,1
C=C=C[C@@H](C)[*:1],ZINC000001850304,3
CC(C)(O)C(=O)O[*:1],ZINC000514288155,2
CCCC[C@H](O)C[*:1],ZINC000085663650,10
CCCC[C@H](O)[*:1],ZINC000085663650,8
OC[C@@H]1O[C@@H]1[*:1],ZINC000005131853,3
OC[C@@H]1O[C@@H]1C#C[*:1],ZINC000005131853,2
OC[C@H]1O[C@@H]1C#C[*:1],ZINC000005131853,3
ClC(Cl)[*:1],ZINC000005454973,1
C=CCC(=O)N[*:1],ZINC000054399384,2
C=CCC(=O)NC[*:1],ZINC000054399384,4
OC[C@@]1([*:1])CO1,ZINC000014689038,2
C/C=C/CCC[*:1],ZINC000685935504,7
C/C=C/CCCC[*:1],ZINC000685935504,7
OC(O)=C(O)[*:1],ZINC000100359496,1
COC[C@H](O)[*:1],ZINC000012897565,3
COC[C@H](O)C[*:1],ZINC000012897565,8
C=C[C@H](OC(C)=O)[*:1],ZINC000001537690,2
CC[C@@H](C)[C@H](N)[*:1],ZINC000040439612,6
CCNC(=O)[*:1],ZINC000001599098,3
CSC/C(C)=C/[*:1],ZINC000033839397,6
C/C=C(/CSC)[*:1],ZINC000033839397,7
C/C=C(\C)C[*:1],ZINC000033839397,3
C/C=C(\C)CS[*:1],ZINC000033839397,6
C=C(C)C(=O)O[*:1],ZINC000238745618,2
CCCCSS[*:1],ZINC000013380449,8
CC[C@H](C)[C@H](O)[*:1],ZINC000014414838,6
C/C(C=O)=C/C=C/[*:1],ZINC000257404321,2
O=c1ccn(C[*:1])o1,ZINC000006119078,2
O=c1ccn([*:1])o1,ZINC000006119078,1
CCCCC(=O)[*:1],ZINC000001850294,7
Cc1occc1S[*:1],ZINC000001850294,4
Cc1occc1[*:1],ZINC000001850294,1
NCCCC[C@@H](N)[*:1],ZINC000004556739,7
CNCCO[*:1],ZINC000085597124,5
O=C1C=C([*:1])[C@H](O)O1,ZINC000040873334,1
CCC(=O)[C@@H](C)[*:1],ZINC000014491215,6
CC(=C/CO)/C=C/[*:1],ZINC000257532774,2
CN[C@@H](C)[C@@H](O)[*:1],ZINC000000056401,4
C=C/C=C\[*:1],ZINC000004758198,1
O=C(C[*:1])NC1CC1,ZINC000008792540,1
OC[C@@H]1CO[C@@H]([*:1])O1,ZINC000005933622,5
C/C(=C\C(=O)O)C[*:1],ZINC000033840546,3
O=C1NC=N[C@@H]1C[*:1],ZINC000003650147,2
O=C1NC=N[C@@H]1[*:1],ZINC000003650147,1
OCCN(CCO)[*:1],ZINC000001683490,9
C#CCC[*:1],ZINC000015270293,2
C#CCCC[*:1],ZINC000015270293,4
C#CCCCC[*:1],ZINC000015270293,8
C#CCCCCC[*:1],ZINC000015270293,9
OCC(O)(CO)[*:1],ZINC000005131770,6
C/C=C\S[*:1],ZINC000014679897,2
C/C=C\S[C@@H](CC)[*:1],ZINC000014679897,8
CC(=O)/C=C\CC[*:1],ZINC000013547256,7
CC(=O)/C=C\C[*:1],ZINC000013547256,4
c1nnnn1[*:1],ZINC000079193957,1
CN1CCC[C@@H]1[*:1],ZINC000257439621,3
CCC[C@@H](C[*:1])SC,ZINC000014589067,8
CCC[C@H](SC)[*:1],ZINC000014589067,7
O=C([C@@H]1CCSS1)[*:1],ZINC000032161945,3
C[C@H]1O[C@H]([*:1])C[C@H]1S,ZINC000100372231,4
C[C@@H]1C[C@@H]([*:1])[C@@H](C)O1,ZINC000100372231,4
C[C@@H]1C[C@@H](S)[C@@H]([*:1])O1,ZINC000100372231,3
CC(C)[C@@H](O)[*:1],ZINC000014887294,3
CC(C)[C@@H](O)C[*:1],ZINC000014887294,4
CC(C)[C@@H](O)CC[*:1],ZINC000014887294,6
CS/C=C\C#C[*:1],ZINC000014593666,3
Cc1nc([*:1])c(C)s1,ZINC000096116275,1
C=C/C=C/C=C/[*:1],ZINC000085541192,1
CN(CC(=O)O)[*:1],ZINC000000895466,3
Cn1nccc1[*:1],ZINC000217914514,1
IC[*:1],ZINC000252693530,1
C1CN[C@@H](C[*:1])C1,ZINC000077287124,4
CC([C@@H](S)CO)[*:1],ZINC000034257028,5
OC[C@H](S)[*:1],ZINC000034257028,3
CC(C)[C@H](CO)[*:1],ZINC000034257028,6
CC(C)[C@@H](S)[*:1],ZINC000034257028,3
CC(C)[C@@H](S)C[*:1],ZINC000034257028,6
CC(C)[C@H](C)/C=C\[*:1],ZINC000257531899,5
N/C(C[*:1])=N\O,ZINC000017744670,2
N/C(=N\O)[*:1],ZINC000017744670,1
N/C(=C\[*:1])C(F)(F)F,ZINC000017730576,1
C[C@@H](N)C[*:1],ZINC000003639348,3
CC[C@H](N)[*:1],ZINC000003639348,3
CCCCO[C@@H](C)[*:1],ZINC000003130514,8
O=C(NCC1CC1)[*:1],ZINC000049171615,5
CC[C@@](O)(C(=O)O)[*:1],ZINC000000895339,3
CC[C@](O)(C(C)=O)[*:1],ZINC000000895339,4
CN1C(=O)CC[C@H]1[*:1],ZINC000005967123,2
C=CC/C(C)=C/[*:1],ZINC000261496618,4
CC(=C/C=O)/C=C/[*:1],ZINC000012953146,2
C/C(=C/C=O)[*:1],ZINC000012953146,2
C/C=C\SC[*:1],ZINC000014680216,3
C/C=C\SC[C@@H](N)[*:1],ZINC000014680216,7
CCCCN[*:1],ZINC000002492143,6
CCCCNC[*:1],ZINC000002492143,7
C[C@@](N)(C(=O)O)[*:1],ZINC000019507543,1
C/C(O)=N/[*:1],ZINC000015122309,1
COC(=O)[C@@](C)(N)[*:1],ZINC000037459669,2
O=C1CC[C@@H]([*:1])N1,ZINC000004100872,2
CC[C@H](O)[C@@H](O)[*:1],ZINC000027645284,4
CC[C@H](O)[C@@H](O)C[*:1],ZINC000027645284,7
O=C(CO)[C@@H](O)[*:1],ZINC000261499640,4
C[C@@H](CO)CCC[*:1],ZINC000257621616,8
C[C@@H](CO)CC[*:1],ZINC000257621616,9
O=NOC[*:1],ZINC000005650763,2
O=NO[*:1],ZINC000005650763,2
C#CC#C[C@H](O)[*:1],ZINC000257451973,1
C#CC#C[C@H](O)C[*:1],ZINC000257451973,3
CC[C@H](O)/C=C/[*:1],ZINC000014494726,4
OCC[C@H](O)C#C[*:1],ZINC000015270336,6
OCC[C@H](O)[*:1],ZINC000015270336,5
C#CC#C[C@@H](O)C[*:1],ZINC000015270336,3
N=C(N)NS(=O)(=O)[*:1],ZINC000150341382,3
O[C@H](CCS)[*:1],ZINC000004533096,5
C1CCC(NC[*:1])C1,ZINC000150344865,4
C[C@@H](N)[C@H](O)[*:1],ZINC000000034158,3
CO/N=C(\C)[*:1],ZINC000253502327,1
O=C(O)[C@](O)(CO)[*:1],ZINC000014491747,3
CSC(=O)N[*:1],ZINC000013379106,2
CSC(=O)NC[*:1],ZINC000013379106,4
OCCOCCN[*:1],ZINC000604403954,8
O=C(O)C/C=C\C[*:1],ZINC000085836513,5
O=C(O)C/C=C\[*:1],ZINC000085836513,3
CC[C@](C)(O)CC[*:1],ZINC000001850730,5
CC(C)(C)NC(=O)[*:1],ZINC000225439593,1
ClC(Cl)(Cl)C[*:1],ZINC000003860797,1
OCC(Cl)(Cl)[*:1],ZINC000003860797,3
C=C(C)/C=C/C[*:1],ZINC000103571652,3
C=CC[C@@H](C=O)[*:1],ZINC000038611873,5
CCCCC(=O)N[*:1],ZINC000003894213,5
C(=C\[*:1])/c1cccs1,ZINC000012407155,2
CC(=O)C[C@H](O)[*:1],ZINC000014500541,7
Cc1nc([*:1])oc1C,ZINC000032163576,1
CC(C)CCS[*:1],ZINC000002309279,6
C[C@@H](C=O)CCC[*:1],ZINC000002036787,7
CN[C@H](C)[C@H](O)[*:1],ZINC000000056400,7
CN[C@H](C)/C(O)=N/[*:1],ZINC000100771538,7
C[C@H]([C@H](O)C(=O)O)[*:1],ZINC000001695855,3
CCC(=O)NCC[*:1],ZINC000002128356,5
CC(C)=C(CO)[*:1],ZINC000085592760,3
CC(C)=C(CO)C[*:1],ZINC000085592760,6
FC(F)O[*:1],ZINC000217731696,1
FC(F)[*:1],ZINC000217731696,1
N[C@@H](CO)C(=O)C[*:1],ZINC000056870932,6
N[C@@H](CO)C(=O)[*:1],ZINC000056870932,6
Cc1nc(C[*:1])co1,ZINC000032163579,2
Cc1nc([*:1])co1,ZINC000032163579,1
CC(C)(C=O)[*:1],ZINC000096023597,1
C=CCS[*:1],ZINC000002095559,6
C[C@@H]([C@@H](C)O)[C@H](N)[*:1],ZINC000001608541,5
C[C@@H]1N=C([*:1])CO1,ZINC000031274105,1
CC1=N[C@@H]([*:1])OC1,ZINC000031274105,1
C[C@H]1CCCC[C@H]1[*:1],ZINC000169766694,2
C=C[C@H](O)/C=C/[*:1],ZINC000085831972,5
O=C(c1ccco1)[*:1],ZINC000001641352,2
CCCCC(=O)C[*:1],ZINC000085589807,10
C=C(C(C)(C)C)[*:1],ZINC000257527257,1
C=C(C[*:1])C(C)(C)C,ZINC000257527257,3
O=[N+]([O-])C[*:1],ZINC000014614116,1
O=[N+]([O-])CC[*:1],ZINC000014614116,4
C[C@@H]1CCCC[C@@H]1[*:1],ZINC000252584890,3
C[C@H](CCOC=O)[*:1],ZINC000001677787,7
CN1CCC[C@H]1C[*:1],ZINC000038439057,6
O=C(O)C(=O)N[*:1],ZINC000014855858,1
O[C@H](CCl)[C@@H](O)[*:1],ZINC000086035388,6
C=C[C@](C)(O)CO[*:1],ZINC000225461974,7
N[C@H](CS(=O)(=O)O)[*:1],ZINC000003861739,3
Cc1nccn1[*:1],ZINC000952844603,1
C/C(=C/C=C\[*:1])CO,ZINC000015120363,3
CC(C)C[C@@H](O)[*:1],ZINC000257415141,5
CSCCCCC[*:1],ZINC000014593608,9
C/C(=C\[*:1])[C@H](O)CO,ZINC000015120788,5
O[C@@H]1CCC[C@@H]([*:1])C1,ZINC000001712308,2
C[C@@H]1CCC[C@@H]([*:1])C1,ZINC000001712308,1
C[C@@H]1CCCCN1[*:1],ZINC000252587077,2
O=[P@]1(O)OC[C@H]([*:1])O1,ZINC000040164576,2
C/C(=C/C[*:1])CCO,ZINC000086050410,7
C/C(=C/[*:1])CCO,ZINC000086050410,5
CC(=O)C(=O)[*:1],ZINC000001532732,1
CC1=C([*:1])C(=O)CC1,ZINC000004467398,1
OC1=NOC[C@@H]1[*:1],ZINC000034676244,1
C/C=C(/CNCC)[*:1],ZINC000085595212,8
C[C@H]([C@@H](O)CO)[*:1],ZINC000002037829,5
C[C@@H](O)[C@H](CO)[*:1],ZINC000002037829,6
C[C@@H](O)[C@@H](O)[*:1],ZINC000002037829,3
C[C@@H](O)[C@@H](O)C[*:1],ZINC000002037829,5
C[C@](O)(CO)[C@@H](O)[*:1],ZINC000257392418,6
O=C1NC=N[C@H]1C[*:1],ZINC000003650146,3
O=C1NC=N[C@H]1[*:1],ZINC000003650146,1
CC(=O)[C@H](O)C[*:1],ZINC000100469657,5
O=C(O[*:1])C(F)(F)F,ZINC000245338873,1
N[C@H](CO)C[*:1],ZINC000000388731,6
C=C1C(=O)OC[C@@H]1[*:1],ZINC000013366375,2
COCCC(=O)N[*:1],ZINC000020467119,5
CCC[S@](=O)[*:1],ZINC000014590165,5
CC[C@@H](SSC)[*:1],ZINC000014590165,7
OCCCC[C@H](O)[*:1],ZINC000095618156,9
CC[S@](=O)[*:1],ZINC000025725630,3
CC[S@](=O)C[*:1],ZINC000025725630,2
CO[C@H](CO)[*:1],ZINC000150348309,3
CO[C@H](CO)C[*:1],ZINC000150348309,6
CO[C@H](CO)CC[*:1],ZINC000150348309,9
C[C@H](CC=O)CC[*:1],ZINC000005841087,7
C[C@H](CC=O)C[*:1],ZINC000005841087,6
C[C@H](CC=O)[*:1],ZINC000005841087,3
CCC[C@@H](CC=O)[*:1],ZINC000005841087,6
CCC[C@H](C)C[*:1],ZINC000005841087,7
Cc1nc(C[*:1])cs1,ZINC000604405051,2
CC(C)(CC#N)[*:1],ZINC000014489023,1
CC(C)(CC#N)O[*:1],ZINC000014489023,5
O=C(O)C/C=C/[*:1],ZINC000085589574,2
C=CC(=O)[*:1],ZINC000001850834,2
C=CC(=O)C[*:1],ZINC000001850834,5
C=CC(=O)CC[*:1],ZINC000001850834,8
C=CC(=O)CCC[*:1],ZINC000001850834,7
CC(CCS)[*:1],ZINC000003860936,5
CC1(C)O[C@H]1CO[*:1],ZINC000000518644,5
Nc1ccccc1[*:1],ZINC000001599253,1
C1CC(O[*:1])CCN1,ZINC000085628083,4
S=C=NCC/C=C/[*:1],ZINC000029466069,5
C[S@@](=O)/C=C/C[*:1],ZINC000029466069,6
C[S@@](=O)/C=C/CC[*:1],ZINC000029466069,9
CC[C@@H](C)NC(=O)[*:1],ZINC000000489235,3
OCC/C=C\CC[*:1],ZINC000012358877,9
OCC/C=C\C[*:1],ZINC000012358877,7
OCC/C=C\[*:1],ZINC000012358877,6
NCC[C@H](C(=O)O)[*:1],ZINC000053122793,6
NCC[C@@H](N)[*:1],ZINC000053122793,6
CC(=O)/C=C/C=C\[*:1],ZINC000013340653,2
C[C@H]1C(=O)OC[C@@H]1[*:1],ZINC000254077887,2
n1n[nH]c(O[*:1])n1,ZINC000030691055,1
n1n[nH]c([*:1])n1,ZINC000030691055,1
C1=C[C@H]([*:1])CN1,ZINC000013480025,2
C[C@@H]1[C@H]([*:1])CO[C@@H]1O,ZINC000004995650,3
C[C@H](CN(C)C)[*:1],ZINC000002018982,4
NNC(=O)CO[*:1],ZINC000002427580,4
NNC(=O)C[*:1],ZINC000002427580,1
NNC(=O)[*:1],ZINC000002427580,1
C=C(C)[C@@H](CC)[*:1],ZINC000256427317,6
C=C(C)[C@@H](CC)C[*:1],ZINC000256427317,7
O=C1NCCC[C@H]1[*:1],ZINC000004342580,2
CC1=CCC([*:1])=CC1,ZINC000000967594,2
CC(C)(O)C[C@H](O)[*:1],ZINC000012496959,7
C1CS[C@H]([*:1])C1,ZINC000032163940,2
CC(=O)NC[C@H](O)[*:1],ZINC000013438047,6
S=C=NCCCS[*:1],ZINC000001850039,9
CN(C)CCN(C)[*:1],ZINC000020464914,5
NCCNCC[*:1],ZINC000019230152,10
NCCNC[*:1],ZINC000019230152,8
NCCN[*:1],ZINC000019230152,4
NCCCCN[*:1],ZINC000002515947,9
NCCCCNC[*:1],ZINC000002515947,9
CC/C(C)=C/C[*:1],ZINC000012495221,5
CC/C(C)=C/CC[*:1],ZINC000012495221,7
CC[C@H](C[*:1])OC=O,ZINC000095618245,7
CC[C@@H](OC=O)[*:1],ZINC000095618245,3
CC1=CC(=O)[C@H]([*:1])O1,ZINC000100826168,2
C[C@H]1CO[C@@H]([*:1])O1,ZINC000000295922,1
O=C[C@H](O)[C@H](O)[*:1],ZINC000257430511,4
C[C@H](CO)CCN[*:1],ZINC000034660469,10
C/C=C/S[C@H](CC)[*:1],ZINC000014680304,9
C[C@H](O)CNCO[*:1],ZINC000085488650,9
CNC(=N)NCO[*:1],ZINC000085489719,5
CC(C)CNC(=O)[*:1],ZINC000013838501,6
SCc1ccc([*:1])o1,ZINC000032154769,2
OCC=C=CCC[*:1],ZINC000014494950,8
OCC=C=CC[*:1],ZINC000014494950,8
OCC=C=C[*:1],ZINC000014494950,5
COC[C@@](C)(O)[*:1],ZINC000014689084,4
COCCO[C@H](C)[*:1],ZINC000095619609,7
C[C@H](NC[*:1])C(=O)O,ZINC000013309777,4
C[C@H](N[*:1])C(=O)O,ZINC000013309777,3
C/C(=C\C=C\C=O)[*:1],ZINC000015120854,2
c1coc(CN[*:1])c1,ZINC000067897843,5
OCC(CO)O[*:1],ZINC000014507211,5
CC(C)NC[C@H](O)[*:1],ZINC000004024392,6
Cc1cc(=O)n([*:1])[nH]1,ZINC000100006441,1
C1CC[C@H](C[*:1])OC1,ZINC000005719152,5
C1O[C@@H]1CO[*:1],ZINC000012360009,6
C1O[C@@H]1C[*:1],ZINC000012360009,3
C1O[C@@H]1[*:1],ZINC000012360009,1
C=C(C)[C@@H](C)[*:1],ZINC000118936913,2
C=C(C)[C@@H](C)C[*:1],ZINC000118936913,5
C=C(C)[C@@H](C)CC[*:1],ZINC000118936913,5
O=C(O)[C@H]1CCN1[*:1],ZINC000071758297,2
C[C@@H]1CC[C@H]([*:1])NC1,ZINC000070691661,2
CC1(C)O[C@H]1C(=O)[*:1],ZINC000072124782,2
PO[*:1],ZINC000100772453,1
P[*:1],ZINC000100772453,1
CCC(=O)C#C[*:1],ZINC000085583426,3
CNC(=O)S[*:1],ZINC000001532279,2
CNC(=O)SC[*:1],ZINC000001532279,4
CC(=O)NCCN[*:1],ZINC000012603055,7
COC(=O)NC[*:1],ZINC000014444005,3
CC(=O)OC[C@@H](C)[*:1],ZINC000002034319,8
C[C@H]([C@H](C)O)[C@H](N)[*:1],ZINC000005759723,6
C=C(Cl)[*:1],ZINC000008792402,1
C=C(Cl)C[*:1],ZINC000008792402,2
C=C(Cl)CO[*:1],ZINC000008792402,5
CC/C=C\C/C=C/[*:1],ZINC000014614335,7
CC[C@H](O)C[C@@H](O)[*:1],ZINC000085589593,9
CCC[C@H](S)CC[*:1],ZINC000014589059,8
CCC[C@H](S)C[*:1],ZINC000014589059,7
CCC[C@H](S)[*:1],ZINC000014589059,5
CCCC#C[*:1],ZINC000013433525,2
CCCC#CC#C[*:1],ZINC000013433525,2
CCNC(=O)N[*:1],ZINC000072321393,3
C=C([C@@H](C)CO)[*:1],ZINC000257407902,5
C=C(C[*:1])[C@@H](C)CO,ZINC000257407902,8
C[C@@H](C(=O)O)C(=O)[*:1],ZINC000006032434,3
CC(=O)[C@H](C(=O)O)[*:1],ZINC000006032434,8
Cc1ccc([*:1])n1C,ZINC000001574315,1
Cc1ccc(C)n1[*:1],ZINC000001574315,1
CN[C@@H](C[*:1])C(=O)O,ZINC000008466416,6
C=C(C)[C@@H](O)CO[*:1],ZINC000003594419,7
CN(C)CC(C)(C)[*:1],ZINC000003684131,2
O=C(C#C[*:1])CCO,ZINC000085857830,4
O=C(CCO)[*:1],ZINC000085857830,5
CC1=N[C@@H]([*:1])S[C@@H]1C,ZINC000029786613,2
Cc1cncc([*:1])n1,ZINC000005863713,1
Cc1nc(C)c([*:1])o1,ZINC000032163565,1
C[C@@H]1C[C@@H]([*:1])OC1=O,ZINC000031163344,2
C/C(=C\O)C(=O)O[*:1],ZINC000100773304,2
C/C(=C\O)[*:1],ZINC000100773304,1
C=CCSC[*:1],ZINC000002517162,7
C=CCSC[C@H](N)[*:1],ZINC000002517162,9
OC[C@@H](O)C[C@H](O)[*:1],ZINC000003979024,9
CS[S@](=O)C[*:1],ZINC000014590139,7
CS[S@](=O)[*:1],ZINC000014590139,3
C=CC[S@@](=O)S[*:1],ZINC000014590139,8
C/C=C/C(=O)[*:1],ZINC000002566373,2
Cn1nnc([*:1])n1,ZINC000253412107,1
C[C@@H](OC=O)[*:1],ZINC000001597294,1
CC1(C)OC[C@@H]([*:1])O1,ZINC000012659366,1
C[C@@]1([*:1])CCC(=O)O1,ZINC000685935304,1
ClC(Cl)=C[*:1],ZINC000000074742,1
OC1COC([*:1])OC1,ZINC000000403119,2
CCC(=O)CCC[*:1],ZINC000001586745,8
CCC(=O)CC[*:1],ZINC000001586745,6
NC[C@@H](O)CS[*:1],ZINC000004027790,9
NC[C@@H](O)C[*:1],ZINC000004027790,6
CC(CS)[*:1],ZINC000005008005,2
c1nc(CN[*:1])c[nH]1,ZINC000077264437,5
O=C1C[C@H](O)[C@@H]([*:1])O1,ZINC000004095906,2
COCCCCN[*:1],ZINC000150344776,9
C[C@H](O)CCC[*:1],ZINC000004218504,7
C[C@@H](CC=O)CC[*:1],ZINC000257443812,8
C[C@@H](CC=O)C[*:1],ZINC000257443812,6
C[C@@H](CC=O)[*:1],ZINC000257443812,4
CCOC(=O)/C=C\[*:1],ZINC000017197580,5
c1cc(C[*:1])c[nH]1,ZINC000095620532,2
c1cc([*:1])c[nH]1,ZINC000095620532,1
c1ccn(CC[*:1])c1,ZINC000409414609,3
C=CCCC(=O)O[*:1],ZINC000001995085,7
CCC[C@](C)(O)[*:1],ZINC000253504480,3
C[C@@H](C(=O)C(=O)O)[*:1],ZINC000001529662,3
O=C1CCS[C@@H]1C[*:1],ZINC000032175845,5
O=C1CCS[C@@H]1[*:1],ZINC000032175845,2
C[C@H](NC(C)(C)C)[*:1],ZINC000002570889,2
C[C@H](O)CCS[*:1],ZINC000039260232,7
CSCC[C@@H](O)[*:1],ZINC000039260232,8
CSCC[C@H](C)[*:1],ZINC000039260232,8
CS[S@@](=O)/C=C\[*:1],ZINC000014590136,8
CS[S@@](=O)[*:1],ZINC000014590136,3
C/C=C\[S@](=O)S[*:1],ZINC000014590136,6
CC[C@@H](N)[*:1],ZINC000000901329,3
O[C@@H]1CS[C@H]([*:1])CS1,ZINC000001691984,2
C[C@H](O)CC(=O)C[*:1],ZINC000257551525,4
C[C@H](O)CC(=O)[*:1],ZINC000257551525,5
COC(CC[*:1])OC,ZINC000002384643,8
C=C(C)[C@H](O)CC[*:1],ZINC000257447088,6
C[C@H]1CC=C([*:1])CC1,ZINC000014588732,3
C[C@@H]1O[C@]1(C)[*:1],ZINC000013459223,1
O=CC/C=C/CC[*:1],ZINC000086040403,8
O=CC/C=C/C[*:1],ZINC000086040403,7
O=CC/C=C/[*:1],ZINC000086040403,3
C/C(=C\CO)[C@@H](O)[*:1],ZINC000077257263,6
CC[C@@H](C)[C@@H](NC)[*:1],ZINC000100772949,7
CSC(=O)[*:1],ZINC000002004049,2
O=C(CCS)[*:1],ZINC000005196560,4
C[C@H](N(O)C(N)=O)[*:1],ZINC000095617653,3
NC(=O)N(O)[*:1],ZINC000095617653,2
CC(C)C[C@](C)(O)[*:1],ZINC000002164100,6
CC(=O)/C=C/CC[*:1],ZINC000100221021,8
C[C@@H](S)CC(=O)O[*:1],ZINC000034049919,7
C[C@@H](S)C[*:1],ZINC000034049919,3
C=C[C@@H](O)CCC[*:1],ZINC000014512615,7
C[C@@H]1O[C@H]([*:1])C[C@@H]1O,ZINC000013818253,2
C=CC[C@H](C)[*:1],ZINC000014592827,5
C[C@H](CC(=O)O)[*:1],ZINC000034205088,3
CSCO[*:1],ZINC000096023839,5
CC(=O)O[C@H](CO)[*:1],ZINC000015270284,3
N[C@H]1CO[C@@H]([*:1])[C@@H]1O,ZINC000514288031,1
CC(O)(CC(=O)O)[*:1],ZINC000000001669,6
COCCCO[*:1],ZINC000095618176,8
Cc1ccsc1[*:1],ZINC000013654042,1
C/C(=C/C(=O)O)C[*:1],ZINC000085991761,3
NCO[*:1],ZINC000085625286,2
CC/C=C/C/C=C\[*:1],ZINC000014639163,6
C/C=C\[C@@H](C(=O)O)[*:1],ZINC000030731330,5
C/C=C\[C@H](CCC)[*:1],ZINC000030731330,8
C[C@H](CC(=O)O)C[*:1],ZINC000015266626,6
C=C1C=C[C@@H]([*:1])CC1,ZINC000062233814,2
CC(C)C[C@@H](O)C[*:1],ZINC000001849803,5
c1csc(CC[*:1])c1,ZINC000001631214,7
N#CO/C(S)=N\C[*:1],ZINC000257498801,4
N#CO/C(S)=N\[*:1],ZINC000257498801,2
O=C1C[C@@H](O)[C@H]([*:1])O1,ZINC000013462310,3
OCC(=CC[*:1])CO,ZINC000253589677,6
OCC(=C[*:1])CO,ZINC000253589677,7
CC[C@@H](C)O[*:1],ZINC000014916929,3
O[C@H]1CN[C@@H]([*:1])C1,ZINC000095617736,2
C/C=C\[S@](=O)[*:1],ZINC000014680224,4
C/C=C\[S@](=O)C[*:1],ZINC000014680224,6
O=C1CCC(=O)N1[*:1],ZINC000001110867,1
N[C@@H](CCCC=O)[*:1],ZINC000001529204,9
CC1=CC[C@]2([*:1])C[C@H]12,ZINC000100823531,1
CO[C@@H](C)OCC[*:1],ZINC000014589727,3
CO[C@@H](C)OC[*:1],ZINC000014589727,3
CO[C@@H](C)O[*:1],ZINC000014589727,1
C[C@H]1SS[C@@H](C[*:1])S1,ZINC000095620586,3
C[C@H]1SS[C@@H]([*:1])S1,ZINC000095620586,1
C=CC(=O)C#C[*:1],ZINC000085831682,2
NCC(=O)NC(=O)[*:1],ZINC000013514835,2
O=C[C@H](CCCO)[*:1],ZINC000085509974,8
CNC(=N)NCC[*:1],ZINC000001649339,5
C[C@@H]1O[C@@H]1[*:1],ZINC000085616672,1
C[N+](C)(C)CC(=O)[*:1],ZINC000001529481,2
CC(C)(O)C[C@@H](O)[*:1],ZINC000040164256,7
O=CCCS[*:1],ZINC000001733699,9
CCCC[C@H](CO)[*:1],ZINC000001640892,9
C[C@@H]1C=C([*:1])C(=O)O1,ZINC000013463079,1
O=C1C[C@@H]([*:1])CO1,ZINC000006030659,2
SCCCCCC[*:1],ZINC000012358644,9
SCCCCC[*:1],ZINC000012358644,10
COC(C)(C)C[*:1],ZINC000523042453,6
O=C1CCN([*:1])CC1,ZINC000061992809,2
NCC[C@H](O)[*:1],ZINC000095618363,5
NCC[C@H](O)C[*:1],ZINC000095618363,8
CC1=C([*:1])COC1=O,ZINC000031165454,1
C[C@H](O)[C@H](O)CC[*:1],ZINC000031165454,9
O[C@H]1[C@H]([*:1])OC[C@@H]1O,ZINC000248259052,1
SC1=NCC[C@H]1[*:1],ZINC000006576347,2
CS[C@H](C)C[*:1],ZINC000043618605,6
CC[C@@H]([S@@](C)=O)[*:1],ZINC000014593751,6
C[S@](=O)/C=C\[*:1],ZINC000014593401,3
C[S@](=O)/C=C\C#C[*:1],ZINC000014593401,4
CCCSCC[*:1],ZINC000001718826,7
COC(=O)[C@H](OC)[*:1],ZINC000031168788,2
C(C[*:1])c1nn[nH]n1,ZINC000828237951,3
C(c1nn[nH]n1)[*:1],ZINC000828237951,2
n1nc([*:1])n[nH]1,ZINC000828237951,1
CC(/C=C\CO)=C/[*:1],ZINC000257426728,2
NC(=NO)N[*:1],ZINC000004096974,2
NC(=NO)NC[*:1],ZINC000004096974,3
NC(=NO)NCC[*:1],ZINC000004096974,7
CCSSCCC[*:1],ZINC000002581431,10
CCSSCC[*:1],ZINC000002581431,8
CCCCSSC[*:1],ZINC000002581431,10
CSC(=O)OC[*:1],ZINC000070450870,5
CSC(=O)O[*:1],ZINC000070450870,2
C[C@@H]([C@@H](O)CO)[*:1],ZINC000169289415,6
N#CCCCCC[*:1],ZINC000006019708,7
N#CCCCC[*:1],ZINC000006019708,7
CN(C)S(=O)(=O)C[*:1],ZINC000263585619,5
CN(C)S(=O)(=O)[*:1],ZINC000263585619,3
Cc1oc([*:1])cc1S,ZINC000002002624,1
Cc1cc(S)c([*:1])o1,ZINC000002002624,1
C1=C([*:1])CCO1,ZINC000002009758,1
CC(C)C[C@H](O)C[*:1],ZINC000003649919,8
COCC/C=C/[*:1],ZINC000085645926,7
CC(C)(CC(=O)O)[*:1],ZINC000004260809,2
C[C@H]1CC=C([*:1])C1=O,ZINC000085947795,2
C/C=C/C(=O)O[*:1],ZINC000025695868,2
C/C=C/C(=O)OC[*:1],ZINC000025695868,3
SC1=CS[C@@H]([*:1])C1,ZINC000100828528,2
C[C@H]1CC([*:1])=CS1,ZINC000100828528,2
C[C@@H](CO)C[C@@H](C)[*:1],ZINC000015119986,9
CC[C@H](C)C[C@@H](C)[*:1],ZINC000015119986,9
C[C@H](S[*:1])[C@@H](C)S,ZINC000005299005,5
C[C@H](S[*:1])[C@@H](C)O,ZINC000005299005,6
CC(CC=O)[*:1],ZINC000000896832,4
O=C(O)[C@@H](NO)[*:1],ZINC000000901599,3
ON[*:1],ZINC000000901599,1
O=C(O)[C@H](C[*:1])NO,ZINC000000901599,5
C/C=C/C=C/C=C/[*:1],ZINC000253398436,1
CCc1csc([*:1])n1,ZINC000013437581,3
O=C(O)/C(Cl)=C\[*:1],ZINC000004654823,1
O=C(O)[C@@H](Cl)C(=O)[*:1],ZINC000004654823,4
O=C(O)[C@@H](Cl)[*:1],ZINC000004654823,3
O=C1C[C@@](O)([*:1])CO1,ZINC000031167150,2
C[C@H]1CO[C@](C)([*:1])O1,ZINC000006037917,2
Cc1ccc([*:1])nc1,ZINC000090516648,1
C[C@H]1O[C@H]([*:1])C[C@@H]1S,ZINC000100776197,2
C[C@@H]1C[C@H]([*:1])[C@@H](C)O1,ZINC000100776197,1
C[C@@H]1C[C@H](S)[C@@H]([*:1])O1,ZINC000100776197,1
O=C1CN([*:1])C(=O)N1,ZINC000005966178,2
C[C@@](O)(C1CC1)[*:1],ZINC000245226013,3
C[C@](N)(C(=O)O)[*:1],ZINC000019483892,1
CC[C@H]([S@@](C)=O)[*:1],ZINC000014593739,6
C[C@H](CO)OC[*:1],ZINC000000404384,6
C[C@H](CO)O[*:1],ZINC000000404384,3
C[C@H](O)CO[C@H](C)[*:1],ZINC000000404384,5
CC(C)(C[*:1])C(=O)O,ZINC000014649212,5
C1CCC(CC[*:1])C1,ZINC000085624862,6
C[C@@H](O)COC(=O)[*:1],ZINC000100828625,7
CC/C=C/C[C@@H](O)[*:1],ZINC000012496559,7
OC[C@H]1CN[C@@H]([*:1])C1,ZINC000014491652,4
CC(=O)/C=C(\C)[*:1],ZINC000100758619,2
CC(=O)/C=C(\C)N[*:1],ZINC000100758619,3
CC(/C=C/[*:1])=C\C=O,ZINC000004228262,2
C/C(=C\C=O)[*:1],ZINC000004228262,2
C1=C[C@@H]2O[C@@H]2C=C1[*:1],ZINC000005133096,1
C/C=C(\C)[C@H](O)[*:1],ZINC000257413647,3
C[S@@](=O)/C=C\[*:1],ZINC000014593402,3
C[S@@](=O)/C=C\C#C[*:1],ZINC000014593402,4
CC(=O)OC[C@@H](O)[*:1],ZINC000001667422,5
C[C@@H](CCOC=O)[*:1],ZINC000002041121,9
CN1CCOC[C@H]1[*:1],ZINC000072322078,3
C[C@@H](O)CC[C@H](O)[*:1],ZINC000015221893,5
CC(=O)[C@@H](S)C[*:1],ZINC000004802621,7
CC[C@@H](C(C)=O)[*:1],ZINC000004802621,5
CC[C@H](S)C(=O)[*:1],ZINC000004802621,5
C1O[C@H]1[*:1],ZINC000095911471,1
OCC[C@H](O)[C@@H](O)[*:1],ZINC000001694565,7
CCC[C@H](Br)[*:1],ZINC000118918291,6
C1=N[C@H]([*:1])CCC1,ZINC000000895235,1
CN(C)C1([*:1])COC1,ZINC000067898253,3
CC(C)(C)CCC[*:1],ZINC000085972319,5
CC[C@@H](C)[C@H](O)[*:1],ZINC000014414834,6
CS(=O)(=O)CSC[*:1],ZINC000014649391,6
CSSCS[*:1],ZINC000014649391,9
CS(=O)(=O)CS[*:1],ZINC000014649391,5
CSSCSC[*:1],ZINC000014649391,8
CSSCSCS[*:1],ZINC000014649391,10
C1CSC([*:1])S1,ZINC000001757816,2
C/C(=C/CN[*:1])CO,ZINC000040165528,8
C[C@H](C=O)CCC[*:1],ZINC000095619727,6
Nc1cccc([*:1])c1,ZINC000000122891,1
CCCSSCC[*:1],ZINC000013380457,10
CCCSSC[*:1],ZINC000013380457,9
CC#CC#CC[*:1],ZINC000056874285,1
C1CCCN([*:1])CC1,ZINC000012296191,2
C=C(C(C)C)[C@H](O)[*:1],ZINC000257514573,6
NC(=O)[C@H]1C[C@@H]1C[*:1],ZINC000002099837,4
NC(=O)[C@H]1C[C@@H]1[*:1],ZINC000002099837,2
C[C@@H](N[*:1])C(=O)O,ZINC000001529832,3
O=C(c1cccs1)[*:1],ZINC000000157402,2
CC(C)=CC[C@H](O)[*:1],ZINC000014825468,4
C[C@H]([C@@H](C)O)[*:1],ZINC000257781299,3
C[C@@H](O)[C@@H](C)O[*:1],ZINC000257781299,2
c1csc(CS[*:1])c1,ZINC000095618320,5
NCCC(=O)[*:1],ZINC000000895840,5
C[C@@H](O)[C@@H](S)[*:1],ZINC000004501357,3
C[C@H](S)[C@H](O)[*:1],ZINC000004501357,3
C[C@H](S)[C@@H](C)[*:1],ZINC000004501357,3
C[C@@H]1CO[C@@H](C[*:1])O1,ZINC000005735822,4
C[C@@H]1CO[C@@H]([*:1])O1,ZINC000005735822,1
CSS[C@@H]([S@](C)=O)[*:1],ZINC000014590133,9
CC[C@H]([S@](C)=O)[*:1],ZINC000014590133,6
OC[C@H](O)C[C@@H](O)[*:1],ZINC000003979026,8
O=C1NC(=O)[C@H]([*:1])N1,ZINC000001843030,1
CC(C)(S)C[C@@H](O)[*:1],ZINC000014589124,6
C[C@@H](CC(C)(C)S)[*:1],ZINC000014589124,5
CC(C)(S)C[*:1],ZINC000014589124,3
C[C@H](O)CC(C)(S)[*:1],ZINC000014589124,5
C[C@H](O)CC(C)(C)[*:1],ZINC000014589124,3
C[S@](=O)CCCC[*:1],ZINC000033962122,10
CC(=O)SCCC[*:1],ZINC000078160318,9
CC(=O)SCC[*:1],ZINC000078160318,8
C/C=C/[S@](=O)[*:1],ZINC000015261409,2
C/C=C/[S@](=O)C[*:1],ZINC000015261409,5
C=C[C@H](O)/C=C\[*:1],ZINC000100783617,5
O[C@H]1CCC=C([*:1])C1,ZINC000014591035,2
CC1=CCC[C@H]([*:1])C1,ZINC000014591035,3
N#CCNC(=O)C[*:1],ZINC000524731605,3
N#CCNC(=O)[*:1],ZINC000524731605,2
COC(=O)[C@@H](C)O[*:1],ZINC000001463683,2
C1CC1CNC[*:1],ZINC000072320819,6
O=C/C=C/[C@H](O)C[*:1],ZINC000002020117,7
O=C/C=C/[C@H](O)[*:1],ZINC000002020117,4
O=C[C@@H](C(=O)O)[*:1],ZINC000000895511,5
O=C(CCl)SC[*:1],ZINC000030728747,8
O=C(CCl)S[*:1],ZINC000030728747,6
CSC/C(C=O)=C/[*:1],ZINC000001849634,7
C/C=C(\C=O)CS[*:1],ZINC000001849634,7
CN(C)/C=N/[*:1],ZINC000004171081,1
CN(C)/C=N/C[*:1],ZINC000004171081,3
CN(C)/C=N/CC[*:1],ZINC000004171081,5
C[C@H]1CO[C@@H](C[*:1])O1,ZINC000001595734,3
NCCOC(=O)[*:1],ZINC000005161331,4
CCC[C@H](C(C)C)[*:1],ZINC000001699551,7
CCC[C@@H](C)C(C)[*:1],ZINC000001699551,7
CCCC/N=C/[*:1],ZINC000059408795,4
O=C1C=C[C@H]([*:1])O1,ZINC000059408795,1
Ic1cccc([*:1])c1,ZINC000253531233,1
C[C@H](S)CC(=O)O[*:1],ZINC000005652324,6
COC(=O)C[C@@H](S)[*:1],ZINC000005652324,6
COC(=O)C[C@H](C)[*:1],ZINC000005652324,5
O=CC[C@@H](O)[C@H](O)[*:1],ZINC000002512351,9
CC(C)=C[C@@H](O)C[*:1],ZINC000100778916,6
OCC/C=C/CC[*:1],ZINC000085947832,8
OCC/C=C/C[*:1],ZINC000085947832,9
C[C@](O)([C@H](O)CO)[*:1],ZINC000135777714,5
C[C@H](O)[C@H](C)O[*:1],ZINC000014916911,3
CC[C@@H]([S@](C)=O)[*:1],ZINC000014593753,5
C[C@H](CO)C[C@@H](O)[*:1],ZINC000257561627,10
C=C(C)C(C)(C)[*:1],ZINC000257394817,1
C[C@@H]1OC[C@H]([*:1])O1,ZINC000006037906,2
C[C@@H]1C[C@@H]([*:1])C(=O)O1,ZINC000095619732,2
C=C(C)[C@@H](O)CC[*:1],ZINC000015120612,6
C[C@H](O)C(=O)O[*:1],ZINC000004025995,2
C[C@H]1[C@H](C)CC[C@H]1[*:1],ZINC000100778608,2
Cc1nnc([*:1])s1,ZINC000072325127,1
CC[C@H]1CC[C@H]([*:1])O1,ZINC000005651512,4
CCC(=O)/C=C\[*:1],ZINC000013385343,5
CC(C)=C/C=C/[*:1],ZINC000085860711,1
C(=C1\CCNC1)/[*:1],ZINC000095620544,1
CC(C)(OO)[*:1],ZINC000086025632,1
C[C@H](N)[C@@H](O)[*:1],ZINC000000034159,3
CSS[C@@H](C)[*:1],ZINC000002516885,6
CC[C@H](C)C(=O)S[*:1],ZINC000016343185,8
C1COC(C[*:1])O1,ZINC000000485640,4
C1COC([*:1])O1,ZINC000000485640,2
C[C@H]1[C@H](O)OC[C@@H]1[*:1],ZINC000014860575,2
Cc1cc(Cl)n([*:1])n1,ZINC000012446101,1
CN[C@@H](CO)[C@@H](C)[*:1],ZINC000085547377,7
CN[C@@H](CO)[*:1],ZINC000085547377,6
O=C(O)[C@H](CCS)[*:1],ZINC000000895077,7
N[C@@H](CCS)[*:1],ZINC000000895077,6
CSC(=O)[C@@H](C)[*:1],ZINC000095619431,4
C[C@H]1OCC[C@@H]([*:1])S1,ZINC000000157430,2
Brc1ccc([*:1])o1,ZINC000002023878,1
NC(=O)NC[C@H](O)[*:1],ZINC000014446140,6
O=C(NO)OC[*:1],ZINC000206507655,3
O=C(NO)O[*:1],ZINC000206507655,1
O=C(CCO)CC[*:1],ZINC000033839268,9
O=C(CCO)C[*:1],ZINC000033839268,8
C=CC(=C)CC(=O)[*:1],ZINC000033950770,5
O=C1NC=C[C@@H]1[*:1],ZINC000257415198,1
O=C1NC=C[C@@H]1O[*:1],ZINC000257415198,1
CN(CCN)[*:1],ZINC000253531176,4
CC(=O)/C=C(\O)[*:1],ZINC000100830107,2
C=CCN(C)C(=O)[*:1],ZINC000008298142,7
COC(=O)C[C@@H](O)[*:1],ZINC000257393869,4
CCC(=O)C(=O)[*:1],ZINC000014512127,2
CCC(=O)C(=O)C[*:1],ZINC000014512127,4
O=C(O)[C@@H](CO)O[*:1],ZINC000030731410,3
O[C@H]1CN[C@H]([*:1])C1,ZINC000095617741,3
Cn1ccc([*:1])n1,ZINC000096115411,1
O=C(NC1CCC1)[*:1],ZINC000049171842,1
COC(=O)N/N=C/[*:1],ZINC000000156806,2
O[C@@H](C#C[*:1])CCl,ZINC000013378441,3
CCC[C@@H](S)[*:1],ZINC000005298828,3
C[C@](N)(C[*:1])C(=O)O,ZINC000002139819,3
O[C@@H]1CC[C@@H]([*:1])NC1,ZINC000005134644,3
O=C(C1CC1)[*:1],ZINC000100051673,2
Cc1nc(C)c([*:1])s1,ZINC000005956067,1
O=C1CC[C@H]1CC[*:1],ZINC000095619681,6
O=C1CC[C@H]1C[*:1],ZINC000095619681,3
O=C1CC[C@H]1[*:1],ZINC000095619681,1
S=C(S)N[*:1],ZINC000006734738,2
COC(=O)/C=C/C[*:1],ZINC000001765597,5
CC1=CC[C@H]([*:1])C=C1,ZINC000008234325,1
C=COC(=O)[*:1],ZINC000001586656,3
CC(OO)(OO)[*:1],ZINC000059335682,5
C=C[C@H](C)[*:1],ZINC000004028052,2
C=C[C@H](C)C[*:1],ZINC000004028052,4
C=C[C@H](C)CC[*:1],ZINC000004028052,6
C=C1C[C@@H]1[*:1],ZINC000071756645,1
C=C1C[C@@H]1C[*:1],ZINC000071756645,3
Fc1cnccc1[*:1],ZINC000604380990,1
S/C=C/[*:1],ZINC000100083921,1
C=C[C@@](O)(C(C)C)[*:1],ZINC000257486461,3
C/C(=C\C=C\[*:1])CO,ZINC000013397720,3
C[C@]1([*:1])CCC(=O)O1,ZINC000257491416,2
CO[C@H]([C@@H](C)O)[*:1],ZINC000014817950,3
Oc1ccc([*:1])nc1,ZINC000001548505,1
C[C@@H]1CN[C@H]([*:1])C1,ZINC000001605761,1
C[C@@H]1N=C(O)N[C@@H]1[*:1],ZINC000094437777,2
NCCO[*:1],ZINC000085508078,4
C[C@@H](O)CCS[*:1],ZINC000039260233,6
CSCC[C@H](O)[*:1],ZINC000039260233,7
CSCC[C@@H](C)[*:1],ZINC000039260233,8
c1ccc(N[*:1])cc1,ZINC000003027363,1
C=C(CO)[C@@H](O)[*:1],ZINC000257449670,6
C=C(CO)[C@@H](O)C[*:1],ZINC000257449670,7
ClC(Cl)=C(Cl)[*:1],ZINC000008214691,1
OC/C=C/C/C=C\[*:1],ZINC000015270318,5
C/C=C\C/C=C/[*:1],ZINC000015270318,4
C/C=C\C/C=C/C[*:1],ZINC000015270318,9
O=C(CCl)[*:1],ZINC000000489018,3
CC(=O)N[C@@H](C)[*:1],ZINC000000114134,1
C1CO[C@@H](CC[*:1])C1,ZINC000001849896,5
C=CC(C)(O)[*:1],ZINC000001733761,2
C[S@@](=O)CC[C@H](N)[*:1],ZINC000003861729,5
C[C@@H](S)CCCC[*:1],ZINC000015272291,9
C[C@@H](S)CCC[*:1],ZINC000015272291,7
C[C@@H](S)CC[*:1],ZINC000015272291,5
CCCCC[C@H](S)[*:1],ZINC000015272291,9
C[N+]1=CCC[C@H]1[*:1],ZINC000005159450,2
O=C(O)[C@H](NO)[*:1],ZINC000006506148,3
O=C(O)[C@@H](C[*:1])NO,ZINC000006506148,6
CC1O[C@@H](C)[C@H]([*:1])O1,ZINC000006066886,2
CCO/C(S)=N/[*:1],ZINC000038515825,1
CCO/C(S)=N/C[*:1],ZINC000038515825,3
Cc1nccc([*:1])n1,ZINC000604382132,1
S[C@@H]1CCO[C@@H]1[*:1],ZINC000004262494,2
C[C@H]1OCC[C@H]1[*:1],ZINC000004262494,2
c1ccc(N[*:1])nc1,ZINC000020735670,2
C[C@@H]1CCO[C@H]([*:1])O1,ZINC000004026339,1
C=C([C@@H](C)O)[*:1],ZINC000014489899,3
CSSSC[*:1],ZINC000015204791,7
CSSS[*:1],ZINC000015204791,3
CCSSS[*:1],ZINC000015204791,6
O[C@@H](CCl)[C@H](O)[*:1],ZINC000100776597,6
CN(C)CCCC[*:1],ZINC000002579066,8
Cc1cc([*:1])n(C)n1,ZINC000107430232,1
C[C@H](CO)[C@@H](S)C[*:1],ZINC000014589118,8
C[C@H](CO)[C@@H](S)[*:1],ZINC000014589118,6
CC[C@@H]([C@H](C)CO)[*:1],ZINC000014589118,9
CC[C@H](S)[C@@H](CO)[*:1],ZINC000014589118,10
CC[C@H](S)[C@H](C)C[*:1],ZINC000014589118,7
COC(=O)C#CC[*:1],ZINC000001698309,3
COC(=O)C#C[*:1],ZINC000001698309,1
NC(=O)NO[*:1],ZINC000003649889,3
NC(=O)NOC[*:1],ZINC000003649889,2
NC(=O)NOCC[*:1],ZINC000003649889,7
C[C@H](C(N)=O)[*:1],ZINC000524731627,3
Nc1ccnc([*:1])n1,ZINC000000347124,1
CCN1CCC[C@@H]1[*:1],ZINC000252586299,5
C=CCNC(=O)C[*:1],ZINC000005415193,6
N[C@@H](CCCO)[*:1],ZINC000001571334,9
O=P(O)(O)/C=C/C[*:1],ZINC000020112504,2
O=P(O)(O)/C=C/[*:1],ZINC000020112504,1
CC(C)(C)C(=O)N[*:1],ZINC000096113324,1
SC1=CS[C@H]([*:1])C1,ZINC000100828526,2
C[C@@H]1CC([*:1])=CS1,ZINC000100828526,2
OCCC/C=C\[*:1],ZINC000005225098,6
C/C=C\CCC[*:1],ZINC000005225098,5
C=C(CCO)[*:1],ZINC000014592276,6
C=C(CCO)C[*:1],ZINC000014592276,8
C=C(CCO)CC[*:1],ZINC000014592276,9
c1csc(CN[*:1])c1,ZINC000067898365,5
CN1CCCC[C@H]1[*:1],ZINC000299854428,3
CN(C(=N)O)[*:1],ZINC000040165548,2
CN(C[*:1])C(=N)O,ZINC000040165548,7
COCCOC[*:1],ZINC000107430835,9
c1csc(CN[*:1])n1,ZINC000107430835,6
O=C(c1ncco1)[*:1],ZINC000039067134,2
c1coc([*:1])n1,ZINC000039067134,1
C/C=C/[C@H](O)[*:1],ZINC000067910607,2
NC[C@H](O)[*:1],ZINC000000056656,3
SC1=C([*:1])SCC1,ZINC000100828525,1
CC1=C([*:1])CCS1,ZINC000100828525,1
CC(C)[C@@H](C)[C@H](O)[*:1],ZINC000100829774,6
Cc1cncc([*:1])c1,ZINC000086052053,1
C[C@@H](N1CCCC1)[*:1],ZINC000082946718,3
O[C@H]1CCC[C@@H]([*:1])C1,ZINC000001712310,3
C[C@@H]1CCC[C@H]([*:1])C1,ZINC000001712310,3
O=CN[C@H](CO)C[*:1],ZINC000015248705,6
O=CN[C@H](CO)[*:1],ZINC000015248705,3
CC[C@H](C)/C=C(\C)[*:1],ZINC000253370383,7
COC(=O)C[C@H](S)[*:1],ZINC000005652375,5
COC(=O)C[C@@H](C)[*:1],ZINC000005652375,5
CCCCCCN[*:1],ZINC000012532241,10
C[C@@H]1OCC[C@@H]([*:1])S1,ZINC000000157427,2
CC(=O)N[C@H](C)[*:1],ZINC000031166908,1
O=COC/C=C\[*:1],ZINC000008613400,6
CC(C)/C(=N/O)[*:1],ZINC000038635145,3
O=CN[C@@H](CO)[*:1],ZINC000040164524,3
C[S@](=O)/C=C/CC[*:1],ZINC000257806923,9
C[S@](=O)/C=C/C[*:1],ZINC000257806923,5
CC(/C=C\[*:1])=C\C=O,ZINC000003870195,2
N[C@@H](C(=O)O)[C@@H](O)[*:1],ZINC000014419527,3
CO/C=C\[*:1],ZINC000014589899,2
C1CC[C@@]2([*:1])O[C@H]2C1,ZINC000006067254,1
CC[C@@H](C)OC[*:1],ZINC000002035950,4
CCO[C@@H](CC)[*:1],ZINC000002035950,6
CCO[C@H](C)C[*:1],ZINC000002035950,4
C/C=C\C(=O)C[*:1],ZINC000100824169,4
C/C=C\C(=O)CC[*:1],ZINC000100824169,6
CCc1cscc1[*:1],ZINC000032152670,2
C[N@+]1([O-])CCC[C@H]1[*:1],ZINC000242649151,2
C=C1C[C@H]1[*:1],ZINC000014514423,1
C=C1C[C@H]1C[*:1],ZINC000014514423,3
NC(=O)NC[C@@H](O)[*:1],ZINC000014446144,6
COC(=O)[C@@H](C)C[*:1],ZINC000005225143,5
CCC[S@](=O)SC[*:1],ZINC000004429715,8
CCC[S@](=O)S[*:1],ZINC000004429715,5
c1cc([*:1])no1,ZINC000000486191,1
C[C@@H]([C@@H](N)[*:1])[C@@H](C)O,ZINC000014419733,5
C=CCSSC[*:1],ZINC000015261311,8
C#CCS[*:1],ZINC000002999748,3
O=C1CC[C@H](O[*:1])O1,ZINC000005840154,2
CC1=NCC[C@H]([*:1])N1,ZINC000003869891,2
COC/C=C\[*:1],ZINC000014709496,5
C[C@@H]1C(=O)OC[C@H]1[*:1],ZINC000118937075,2
C=CCSSS[*:1],ZINC000001850544,8
CC(C)C[C@H](C)C[*:1],ZINC000085642730,8
C[C@@H]1[C@@H](O)OC[C@@H]1[*:1],ZINC000004995653,3
CC(C)C(=O)NC[*:1],ZINC000012196010,7
C/C(=C\[*:1])[C@@H](O)CO,ZINC000015120787,6
C=CC(=O)O[*:1],ZINC000013423837,2
C=CC(=O)OC[*:1],ZINC000013423837,4
CO[C@H](C)OCC[*:1],ZINC000013380434,5
CO[C@H](C)OC[*:1],ZINC000013380434,3
CO[C@H](C)O[*:1],ZINC000013380434,1
C#CCO[*:1],ZINC000003839734,2
C/C(C=O)=C/C=C\[*:1],ZINC000013397699,2
CN[C@@H](C(=O)O)[*:1],ZINC000013356517,3
NCCC[C@H](N)[*:1],ZINC000034259487,9
CC[C@@H](OC(C)C)[*:1],ZINC000002109869,3
CCC[C@H](O)C[*:1],ZINC000012153559,8
c1c[n+](CC[*:1])c[nH]1,ZINC000085627010,3
c1c[n+](C[*:1])c[nH]1,ZINC000085627010,2
c1c[n+]([*:1])c[nH]1,ZINC000085627010,1
C=C(C)[C@@H](O)[C@H](Cl)[*:1],ZINC000005158385,7
CCCOC[*:1],ZINC000002955377,4
O[C@H]1CS[C@H]([*:1])CS1,ZINC000003861336,2
CCC1([*:1])CCCC1,ZINC000150344181,3
C[C@@H](CO)C[C@@H](O)[*:1],ZINC000015214213,7
C[C@@H]1CO[C@](C)([*:1])O1,ZINC000006031308,2
C=C1CCC([*:1])CC1,ZINC000005439913,2
C=CC(=O)N[*:1],ZINC000002020126,2
O=CCC/C=C/[*:1],ZINC000005132840,5
C=C[C@@H](O)/C=C/[*:1],ZINC000085831969,4
O=C(O)[C@H](CS)C[*:1],ZINC000014589087,7
C/C(=C/CO)CO[*:1],ZINC000257393398,4
CC/C=C\[C@H](O)[*:1],ZINC000031154969,4
C/C=C/[C@@H](C(=O)O)[*:1],ZINC000002570845,4
C/C=C/[C@H](CCC)[*:1],ZINC000002570845,6
O[C@@H]1C=N[C@H]([*:1])C1,ZINC000001529908,2
CC(=O)[C@H](C)S[*:1],ZINC000039365142,7
CC1=C([*:1])CCO1,ZINC000032163897,1
CC(C)[C@@H](C=O)[*:1],ZINC000032006109,6
O=C(/C=C/CO)[*:1],ZINC000014454534,5
Cc1cccnc1[*:1],ZINC000096112393,1
CCSS[C@@H](SC)[*:1],ZINC000015204798,9
C[C@H](S)C(=O)C[*:1],ZINC000032167694,5
CCC(=O)[C@@H](S)[*:1],ZINC000032167694,6
CCC(=O)[C@H](C)[*:1],ZINC000032167694,5
C[C@@H](CO)CCN[*:1],ZINC000034660468,10
O=C(C#C[*:1])[C@@H]1CO1,ZINC000085954352,2
O=C([C@@H]1CO1)[*:1],ZINC000085954352,2
OCC1=CCO[C@@H]1[*:1],ZINC000257416273,3
CC(C)/C=C\[C@H](C)[*:1],ZINC000257512288,3
C[C@H](N)C(=O)[*:1],ZINC000053165481,2
CC(=O)C[C@H](C)[*:1],ZINC000033639584,2
CC(=O)C[C@H](C)S[*:1],ZINC000033639584,7
Nc1nc([*:1])cs1,ZINC000012503091,1
O=C1C[C@H]([*:1])CN1,ZINC000085567279,2
CS[C@@H](C)SSC[*:1],ZINC000014593593,10
CS[C@@H](C)SS[*:1],ZINC000014593593,8
CS[C@@H](C)[*:1],ZINC000014593593,2
C=CCSS[C@H](C)[*:1],ZINC000014593593,5
Sc1ccccc1[*:1],ZINC000021303045,1
C[C@H]1OC([*:1])O[C@@H]1C,ZINC000095618259,2
C(=C/[*:1])/c1ccco1,ZINC000016892206,2
CN(C)C(=O)O[*:1],ZINC000000703826,1
N[C@@H](C=O)[*:1],ZINC000012496938,2
N[C@@H](C=O)[C@@H](O)[*:1],ZINC000012496938,5
C1O[C@H]1CO[*:1],ZINC000011765976,4
C1O[C@H]1C[*:1],ZINC000011765976,3
CC1=CCC[C@@H]([*:1])C1,ZINC000014588922,1
N[C@@H](CO)[C@H](O)[*:1],ZINC000100298803,7
O=C1CC[C@@H]1CC[*:1],ZINC000002570064,5
O=C1CC[C@@H]1C[*:1],ZINC000002570064,3
O=C1CC[C@@H]1[*:1],ZINC000002570064,2
O=C[C@H](O)C[*:1],ZINC000003869936,4
Cc1cc([*:1])ccn1,ZINC000013306845,1
CC1=CC(=O)[C@@H]([*:1])O1,ZINC000014439157,2
O=COCCCC[*:1],ZINC000001680396,9
C=CCSC[C@@H](N)[*:1],ZINC000001621720,8
C1CS[C@H]([*:1])SS1,ZINC000002020145,3
O=C(O)CCC#C[*:1],ZINC000014447609,4
OC/C=C\C#C[*:1],ZINC000014447609,3
C[C@@H]1CCCC[C@H]1[*:1],ZINC000252585113,2
C=C([C@H](C)C(=O)O)[*:1],ZINC000257465870,6
O=C(O)[C@H](CO)N[*:1],ZINC000095619745,5
OC[C@H](O)[C@H](CO)[*:1],ZINC000000895271,7
C[C@H](C[*:1])N=C=S,ZINC000000167189,5
C[C@@H](N=C=S)[*:1],ZINC000000167189,3
CC[C@H](N=C=S)[*:1],ZINC000000167189,7
c1cc(C[*:1])cs1,ZINC000035446711,2
CN1CCC[C@@H]([*:1])C1,ZINC000003683831,3
CCOC(=O)[C@H](N)[*:1],ZINC000075110757,4
CC/C=C/CC(=O)[*:1],ZINC000012153785,7
C=CC(=O)C/C=C/[*:1],ZINC000012153785,7
C[C@H]1CCO[C@@H]([*:1])C1,ZINC000004082318,2
C/C=C(\C)C(=O)N[*:1],ZINC000014502767,2
C=C1CC[C@]2([*:1])C[C@H]12,ZINC000001599725,1
C1CC[C@@H](O[*:1])OC1,ZINC000118913883,2
C1CC[C@@H]([*:1])OC1,ZINC000118913883,2
C[C@@H](O)CNC(=O)[*:1],ZINC000096116344,7
NC(=O)N/N=C/[*:1],ZINC000253499001,2
C[C@@H](CS[*:1])C(=O)O,ZINC000015261361,8
O[C@H]1CC[C@@H]([*:1])CC1,ZINC000100395869,2
C=C(CCCC)[*:1],ZINC000095618203,6
CC(=O)CC[C@@H](O)[*:1],ZINC000005159654,7
CC[C@@H](C)C(=O)S[*:1],ZINC000016343182,6
CC(C)(O)C(=O)[*:1],ZINC000014650318,2
CC(C)(O)C(=O)C[*:1],ZINC000014650318,5
C/C(=N\N)[*:1],ZINC000012658832,1
CCC(=O)/C=C/C[*:1],ZINC000005460778,6
CCC/C=C/C(=O)[*:1],ZINC000005460778,7
CC/C(C=O)=C\[*:1],ZINC000031284465,5
S[C@H]1C=C([*:1])SC1,ZINC000060159425,2
CC1=C[C@H]([*:1])CS1,ZINC000060159425,1
O=C1C=CC[C@H]([*:1])O1,ZINC000013118173,2
C[C@H](OC[C@@H](C)O)[*:1],ZINC000000404381,4
C[C@@H](O)CO[*:1],ZINC000000404381,4
C[C@@H](CO)O[*:1],ZINC000000404381,3
C[C@@H](CO)OC[*:1],ZINC000000404381,7
C=C[C@@](C)(OC=O)[*:1],ZINC000001851023,5
OC[C@@H]1CO[C@H]([*:1])O1,ZINC000001719252,4
CC1(C)O[C@H]1[C@@H](O)[*:1],ZINC000257555486,2
NC(C(=O)O)[*:1],ZINC000000895421,2
CN1CCC[C@@]1(O)[*:1],ZINC000003869622,2
CC(=O)CO[*:1],ZINC000006624378,5
CSCOC(=O)C[*:1],ZINC000022000224,6
CSCOC(=O)[*:1],ZINC000022000224,7
CCSS/C=C/[*:1],ZINC000033951646,7
C/C=C/SSC[*:1],ZINC000033951646,6
CC(=O)[C@@H](C)C(=O)[*:1],ZINC000032167539,6
C1CSC([*:1])=N1,ZINC000002038687,1
O=C1CCS[C@H]1C[*:1],ZINC000032175843,5
O=C1CCS[C@H]1[*:1],ZINC000032175843,2
C=CCSSSC[*:1],ZINC000001633229,9
C1=C([*:1])NCCS1,ZINC000100013228,1
C[C@@](O)([C@H](O)CO)[*:1],ZINC000085994613,7
C[C@H]([C@H](C)O)[C@@H](N)[*:1],ZINC000014419734,6
O[C@@H](C(Cl)(Cl)Cl)[*:1],ZINC000003875798,1
CC1=N[C@H]([*:1])S[C@@H]1C,ZINC000029786610,2
C=CCN[*:1],ZINC000253476137,5
c1cc(CO[*:1])co1,ZINC000015219983,5
OCC[C@H](S)CC[*:1],ZINC000004271681,9
OCC[C@H](S)C[*:1],ZINC000004271681,8
OCC[C@H](S)[*:1],ZINC000004271681,6
CCC[C@H](CCO)[*:1],ZINC000004271681,9
CCC[C@@H](S)C[*:1],ZINC000004271681,9
CCC[C@@H](S)CC[*:1],ZINC000004271681,10
CCCC[C@](C)(O)[*:1],ZINC000055231612,9
C[C@@H](O)[C@@H](O)CC[*:1],ZINC000040164354,8
C[C@]1([*:1])CCOC1=O,ZINC000020111682,2
N[C@](O)(C(=O)O)[*:1],ZINC000085507453,1
N[C@@](O)(C[*:1])C(=O)O,ZINC000085507453,3
O=C/C=C/C(=O)C[*:1],ZINC000014619641,6
O=C/C=C/C(=O)[*:1],ZINC000014619641,4
CCn1cccc1[*:1],ZINC000008728204,2
C[C@@H](N)/C(O)=N/[*:1],ZINC000094437881,3
CCOP(=O)(O)O[*:1],ZINC000001530488,4
C[C@H](O)C(=O)NC[*:1],ZINC000013437734,6
C[C@H]([C@H](O)[*:1])N(C)C,ZINC000000155911,5
O=C1CCC[C@H]([*:1])C1,ZINC000005808686,4
C[C@H](O)[C@H](O)/C=C/[*:1],ZINC000031161440,6
C[C@@](O)(C[*:1])C(=O)O,ZINC000002547723,3
CC[C@](C)(C(=O)O)[*:1],ZINC000002547723,5
CCC[C@H](C)C(C)[*:1],ZINC000071775220,8
OC[C@@H](O)CO[*:1],ZINC000003650244,5
O=C(CI)[*:1],ZINC000085856341,3
O=C(CI)C[*:1],ZINC000085856341,7
O=C(CBr)C[*:1],ZINC000085856341,5
O=C(O)[C@H]1C[C@@H]1[*:1],ZINC000002568218,1
c1cnc(O[*:1])[cH-]1,ZINC000070450882,1
O=C(O)[C@@H](S)[*:1],ZINC000003860781,3
CC(=O)[C@H](O)CC[*:1],ZINC000014495038,6
CC(=O)N1CC([*:1])C1,ZINC000824596484,2
ClC(Cl)(Br)[C@H](Br)[*:1],ZINC000003874472,3
ClC(Cl)(Br)[*:1],ZINC000003874472,1
O=C(O)C[C@H](CO)[*:1],ZINC000003593481,9
C[C@H]1CN[C@H]([*:1])C1,ZINC000001605762,3
CC(CCN)[*:1],ZINC000004658584,5
OC1=N[C@H]([*:1])C=C1,ZINC000001607934,1
S[C@@H]1CCC[C@H]([*:1])C1,ZINC000026515307,2
C[C@H]1CCC[C@@H]([*:1])C1,ZINC000026515307,2
O=C(C(Br)Br)[*:1],ZINC000045331738,3
BrC(Br)[*:1],ZINC000045331738,1
CC(=O)C(Br)[*:1],ZINC000045331738,4
CS[C@H](S)CCC[*:1],ZINC000095620494,8
CS[C@H](S)CC[*:1],ZINC000095620494,8
CS[C@H](S)C[*:1],ZINC000095620494,3
CS[C@H](S)[*:1],ZINC000095620494,2
CCCCC[C@@H](S)[*:1],ZINC000095620494,9
C[N+](C)(C)C[C@@H](O)[*:1],ZINC000000154729,3
C1CCC(C[*:1])=NC1,ZINC000030727080,3
C1CCC([*:1])=NC1,ZINC000030727080,1
C1=N[C@@H]([*:1])CCC1,ZINC000000895232,2
CCCSC(=O)[*:1],ZINC000001850875,8
O=C([C@@H](O)CO)[*:1],ZINC000000901231,4
O=C(C[*:1])[C@@H](O)CO,ZINC000000901231,6
O=C(CO)[C@H](CO)[*:1],ZINC000000901231,7
O=C(CO)[C@@H](O)C[*:1],ZINC000000901231,7
CC(C)CC[C@H](O)[*:1],ZINC000085542145,7
C[C@@H]1CC=C[C@@H]([*:1])C1,ZINC000085532312,2
Ic1ccccc1[*:1],ZINC000000388058,1
CC(C)[C@@H](C)[C@H](C)[*:1],ZINC000085972338,6
CO[C@H](C(=O)O)[*:1],ZINC000095620796,1
CO[C@@H](C[*:1])C(=O)O,ZINC000095620796,3
Sc1csc([*:1])c1,ZINC000100828523,1
Cc1cc([*:1])cs1,ZINC000100828523,1
C[C@H]1O[C@@H]([*:1])C[C@H]1O,ZINC000008602480,2
Cc1ncc(C[*:1])o1,ZINC000032166944,3
Cc1ncc([*:1])o1,ZINC000032166944,1
CC[C@@H](O)[C@H](O)C[*:1],ZINC000013336139,6
C[C@H]1CC=C[C@@H]([*:1])C1,ZINC000150348089,3
c1cnc(C[*:1])[cH-]1,ZINC000150348089,3
CCCC(=O)/C=C/[*:1],ZINC000002037700,7
C/C=C/C(=O)C[*:1],ZINC000002037700,4
C/C=C/C(=O)CC[*:1],ZINC000002037700,7
O=C/C=C\C=C\C[*:1],ZINC000086040331,5
S[C@H]1CCO[C@@H]1[*:1],ZINC000004262496,1
C[C@H]1OCC[C@@H]1[*:1],ZINC000004262496,2
C[C@@H]1C[C@H]([*:1])C(=O)O1,ZINC000001850454,2
CC(=O)CCSC[*:1],ZINC000001675676,10
CC(=O)CCS[*:1],ZINC000001675676,7
O=CCC/C=C/C[*:1],ZINC000086002189,10
CC(=O)C(=O)CC[*:1],ZINC000001683674,3
CC(=O)C(=O)C[*:1],ZINC000001683674,3
CS(=O)(=O)OC[*:1],ZINC000033357364,3
O=C(CO)C[*:1],ZINC000002005854,3
C[N+]([O-])=N[*:1],ZINC000100257520,2
C[N+]([O-])=NC[*:1],ZINC000100257520,3
C[N+]([O-])=NCO[*:1],ZINC000100257520,4
CCN1CCC[C@H]1[*:1],ZINC000012891634,4
C[C@H]1C[C@](C)([*:1])CO1,ZINC000006066725,2
C/C=C(C)\C=C/[*:1],ZINC000070454426,1
C[C@@H](O)CO[C@H](C)[*:1],ZINC000000404382,4
CC(=CCS)[*:1],ZINC000005138189,2
CSCC[C@H](CO)[*:1],ZINC000230203178,10
O[C@@H](C[*:1])C(Cl)Cl,ZINC000085548452,6
O[C@H](C(Cl)Cl)[*:1],ZINC000085548452,3
C/C=C/[S@@](=O)C[*:1],ZINC000015261407,6
C[C@@H]1O[C@@H]([*:1])O[C@@H]1C,ZINC000242554685,2
CCOC(=O)[C@@H](O)[*:1],ZINC000001648298,6
N#CSCCCC[*:1],ZINC000014766238,8
N#CSCCC[*:1],ZINC000014766238,8
N#CSCC[*:1],ZINC000014766238,6
N#CSC[*:1],ZINC000014766238,3
N#CS[*:1],ZINC000014766238,1
COC(=S)S[*:1],ZINC000035361102,4
COC(=S)SC[*:1],ZINC000035361102,7
CC[C@@H](C)C[C@H](C)[*:1],ZINC000100257573,7
NC(=O)C(Br)(Br)[*:1],ZINC000001638458,3
N#CC(Br)(C(N)=O)[*:1],ZINC000001638458,5
N#CC(Br)(Br)[*:1],ZINC000001638458,1
O=C(O)[C@@H](O)CS[*:1],ZINC000248015696,8
N#CC#C[*:1],ZINC000002040564,1
O=C(O)/C=C/C#C[*:1],ZINC000002040564,1
N#CC#CC#C[*:1],ZINC000002040564,1
N#CC[C@H](O)[*:1],ZINC000001572827,3
C=C[C@H](CC#N)[*:1],ZINC000001572827,5
CCNC(=O)NC[*:1],ZINC000030879960,3
C[C@@]1([*:1])NCCO1,ZINC000005515778,1
O=CNC[*:1],ZINC000012495781,3
N=C(CNC=O)N[*:1],ZINC000012495781,5
CCC#C[*:1],ZINC000085663761,1
CCC#CC[*:1],ZINC000085663761,2
CCC#CCC[*:1],ZINC000085663761,5
CCC#CCCC[*:1],ZINC000085663761,7
CN(C(=N)N)[*:1],ZINC000001612188,2
CN(C[*:1])C(=N)N,ZINC000001612188,3
CN(CC[*:1])C(=N)N,ZINC000001612188,8
C[C@H](S)[C@@H](C)S[*:1],ZINC000101751088,3
C[C@H](O)[C@H](C)S[*:1],ZINC000101751088,6
C[C@@H]1O[C@]1(C)[C@H](O)[*:1],ZINC000033955624,3
CC/C=C\C#C[*:1],ZINC000014884847,2
OC/C=C(\CO)C[*:1],ZINC000031165820,8
OC/C=C(\CO)[*:1],ZINC000031165820,5
C[C@@H](O)C/C=C\C[*:1],ZINC000015272645,7
C[C@@H](O)C/C=C\[*:1],ZINC000015272645,5
CC/C=C\C[C@@H](C)[*:1],ZINC000015272645,6
N#CCO[*:1],ZINC000002329102,2
C[C@H]1OCC[C@H]([*:1])O1,ZINC000038251274,2
CC/C=C/CCC[*:1],ZINC000005761880,8
O=C(O)[C@H](C1CC1)[*:1],ZINC000041047649,4
CC(=O)SC(C)(C)[*:1],ZINC000002583437,3
C=C(C[*:1])C(=O)O,ZINC000004557037,3
CC(C)[C@@H](C)[C@@H](O)[*:1],ZINC000257592879,6
c1cnc(N[*:1])nc1,ZINC000826828499,1
C1=N[CH+][N+]([*:1])=C1,ZINC000103572773,1
C#CCN(C)CC[*:1],ZINC000030879163,8
C#CCN(C)C[*:1],ZINC000030879163,7
C#CCN(C)[*:1],ZINC000030879163,3
O=c1nc([*:1])cc[nH]1,ZINC000000895210,1
Cc1nnsc1[*:1],ZINC000004221708,1
C[C@@H]1[C@H](C)CC[C@H]1[*:1],ZINC000085947592,3
C[C@H](O)CCCC[*:1],ZINC000085629686,8
O[C@H]1CCC[C@H]([*:1])C1,ZINC000253590071,2
CC[C@H](O)CO[*:1],ZINC000085569494,7
C[C@@H](CN(C)C)[*:1],ZINC000002018981,4
N[C@H](CO)[C@H](O)[*:1],ZINC000085895235,7
O=C/C=C/[C@@H]1O[C@@H]1[*:1],ZINC000005599135,3
CC[C@H]1O[C@H]1/C=C/[*:1],ZINC000005599135,4
COC(=O)[C@@H](O)C[*:1],ZINC000013341254,5
OCC1=CCO[C@H]1[*:1],ZINC000014635162,4
CC(C)NC[C@@H](O)[*:1],ZINC000005760515,5
C/C=C(/C=O)[*:1],ZINC000002037864,2
OC1=CS[C@H]([*:1])[C@H]1S,ZINC000100828532,2
C[C@H]1SC=C([*:1])[C@@H]1S,ZINC000100828532,2
C[C@H]1SC=C(O)[C@@H]1[*:1],ZINC000100828532,2
CC[C@@H](C)[C@@H](CO)[*:1],ZINC000217734957,8
CC[C@@H](O)CCC[*:1],ZINC000002031663,9
CC[C@@H](O)CC[*:1],ZINC000002031663,6
O=C1COC[C@@H]([*:1])O1,ZINC000095620430,2
c1cncc(O[*:1])c1,ZINC000096113190,2
CC(C)C(C)(O)[*:1],ZINC000002563377,3
C[C@H](C=S=O)[C@H](C)[*:1],ZINC000015119535,5
C[C@H](C=S=O)[*:1],ZINC000015119535,3
O=CC(=O)/C=C/[*:1],ZINC000015121707,2
C[C@@H]1OC([*:1])O[C@@H]1C,ZINC000014822471,3
CC1O[C@@H]([*:1])[C@@H](C)O1,ZINC000014822471,1
CC(C)[C@](C)(O)[*:1],ZINC000952844709,3
Clc1ccc([*:1])cn1,ZINC000004474604,1
Sc1coc([*:1])c1,ZINC000100828536,1
Cc1cc([*:1])co1,ZINC000100828536,1
C(C[C@H]1CS1)C[*:1],ZINC000005157060,9
C(C[*:1])[C@H]1CS1,ZINC000005157060,6
C1S[C@H]1C[*:1],ZINC000005157060,3
C1S[C@H]1[*:1],ZINC000005157060,1
CC/C(C=O)=C/C[*:1],ZINC000001850767,4
CC/C(C=O)=C/[*:1],ZINC000001850767,6
CCCSS/C=C\[*:1],ZINC000014679942,9
C/C=C\SS[*:1],ZINC000014679942,4
C/C=C\SSC[*:1],ZINC000014679942,4
C/C=C\SSCC[*:1],ZINC000014679942,9
C[C@@H](O)CCC(=O)[*:1],ZINC000005751230,8
C[C@H]1O[C@H]1/C=C/[*:1],ZINC000004025790,2
C[C@H]1O[C@H]1[*:1],ZINC000004025790,1
CN(CCO)C(=O)[*:1],ZINC000012894184,5
CC(=O)NC[C@@H](C)[*:1],ZINC000070692397,5
CS[C@@H](S)CCC[*:1],ZINC000095620495,10
CS[C@@H](S)CC[*:1],ZINC000095620495,9
CS[C@@H](S)C[*:1],ZINC000095620495,6
CS[C@@H](S)[*:1],ZINC000095620495,3
CNC(=O)C[*:1],ZINC000001845768,1
CNC(=O)CC[*:1],ZINC000001845768,3
O=C(CCl)NCC[*:1],ZINC000001321531,9
O=C(CCl)NC[*:1],ZINC000001321531,6
O=C(CCl)N[*:1],ZINC000001321531,3
C[C@@H](CO)[C@H](S)C[*:1],ZINC000014589115,7
C[C@@H](CO)[C@H](S)[*:1],ZINC000014589115,6
CC[C@H]([C@@H](C)CO)[*:1],ZINC000014589115,10
CC[C@@H](S)[C@H](CO)[*:1],ZINC000014589115,7
CC[C@@H](S)[C@@H](C)[*:1],ZINC000014589115,6
CC[C@@H](S)[C@@H](C)C[*:1],ZINC000014589115,10
C[C@H]1CCCN([*:1])C1,ZINC000004082296,2
C/C=C/C=C/C[*:1],ZINC000002384555,3
NN[*:1],ZINC000000193573,1
CCC[C@H](C)CC[*:1],ZINC000086050396,8
C1CC(N[*:1])CCN1,ZINC000096296112,4
C[C@H](CN)[*:1],ZINC000004658588,2
COCC(=O)[*:1],ZINC000014454936,4
O[C@H]1CCCN[C@@H]1[*:1],ZINC000082395907,1
Cc1nnc(C[*:1])o1,ZINC000035442634,2
O=C(CCCl)O[*:1],ZINC000253499853,6
N/C(=C/[*:1])C(=O)O,ZINC000012494996,1
C[N+]1(C)CCC[C@H]1[*:1],ZINC000019760568,2
CC(C)=C(C=O)[*:1],ZINC000015221828,2
C[C@@](O)([C@@H](O)CO)[*:1],ZINC000015120791,5
C1=NCC/C1=C/[*:1],ZINC000095620530,1
COC(=O)[C@@H](C)N[*:1],ZINC000059409814,5
O=P(O)(O)OCC[*:1],ZINC000001532839,2
O[C@@H]1CCC[C@H]([*:1])C1,ZINC000003861086,2
O=C[C@@H](O)[C@H](O)[*:1],ZINC000100005530,5
O=C(O)[C@@H]1O[C@@H]1[*:1],ZINC000034499759,1
CC/C=C/CCO[*:1],ZINC000005761901,9
O=C(NC1(O)CC1)[*:1],ZINC000000897440,3
OC1([*:1])CC1,ZINC000000897440,1
CC(C)[C@@H](CCN)[*:1],ZINC000004046504,9
CN1CC=C([*:1])CC1,ZINC000003913688,2
CCCCSCC[*:1],ZINC000001586752,9
CCCCSC[*:1],ZINC000001586752,10
NC1=N[C+]([*:1])C=C1,ZINC000150351719,1
NC1=N[C+](C[*:1])C=C1,ZINC000150351719,2
C[C@H]1N=C([*:1])CO1,ZINC000031274102,1
CC1=N[C@H]([*:1])OC1,ZINC000031274102,1
CS[C@@H](C)C[*:1],ZINC000043618606,5
CC(=O)/C=C/[C@@H](O)[*:1],ZINC000014815479,8
C[C@@H](S)[C@H](O)[*:1],ZINC000004501355,2
C[C@H]([C@@H](C)S)[*:1],ZINC000004501355,3
C[C@@H](O)[C@H](S)[*:1],ZINC000004501355,3
C[C@H]1OC[C@@H]([*:1])O1,ZINC000006031279,2
C=C[C@@H](CC=O)[*:1],ZINC000001850913,7
OCC[C@H](O)CC[*:1],ZINC000014616800,9
OCC[C@H](O)C[*:1],ZINC000014616800,7
O=CCOCC[*:1],ZINC000001850818,9
O=CCOC[*:1],ZINC000001850818,7
O=CCO[*:1],ZINC000001850818,5
C=C(C(C)C)[C@@H](O)[*:1],ZINC000100777377,4
C[C@H](C(C)(C)C)[*:1],ZINC000002039808,1
O=C1OCC[C@@H]1[*:1],ZINC000085891461,2
O=C1C=CC(=O)N1[*:1],ZINC000150344042,1
O=C(O)/C=C/C=C/[*:1],ZINC000013433784,1
CC/C=C/C/C=C/[*:1],ZINC000013433784,4
CN[C@H](C)[C@@H](O)[*:1],ZINC000000074840,5
O=C1CC[C@@H]([*:1])C1=O,ZINC000001850928,2
N=C(C(=O)O)[*:1],ZINC000000895921,1
N=C(C[*:1])C(=O)O,ZINC000000895921,2
CN(C)C(=O)CO[*:1],ZINC000002092096,4
O[C@H]1CCCN[C@H]1[*:1],ZINC000082402586,3
C[S@@](=O)C[C@H](N)[*:1],ZINC000005339227,4
CC[C@H](O)CCC[*:1],ZINC000002003567,10
CCCC[C@@H](O)[*:1],ZINC000002003567,6
CCCC[C@@H](O)C[*:1],ZINC000002003567,9
C=Cc1scnc1[*:1],ZINC000000407074,2
C[C@@H](CO)C[C@H](O)[*:1],ZINC000015214211,5
CC[C@H](S)SCC[*:1],ZINC000095620550,9
CC[C@H](S)SC[*:1],ZINC000095620550,6
CCCS[C@@H](S)[*:1],ZINC000095620550,5
CCCS[C@@H](S)C[*:1],ZINC000095620550,7
C[C@@H](N)[C@@H](O)[*:1],ZINC000000034160,3
CSC(=O)[C@H](C)[*:1],ZINC000090412744,4
CCC(=O)O[C@@H](C)[*:1],ZINC000090412744,2
CNC[C@H](O)C[*:1],ZINC000000873744,8
CNC[C@H](O)CO[*:1],ZINC000000873744,10
Cc1nc([*:1])c(C)o1,ZINC000032135581,1
O=C(C#C[*:1])[C@H]1CO1,ZINC000256166179,2
O=C([C@H]1CO1)[*:1],ZINC000256166179,2
CCC[C@@H](CC)[*:1],ZINC000001690417,8
CCc1nnc([*:1])o1,ZINC000035462256,3
CN1CCC[C@@H]1C[*:1],ZINC000014653876,4
OCC#CC#C[*:1],ZINC000014495069,1
O=C(O)/C=C\C#C[*:1],ZINC000014495069,1
OCC#C[*:1],ZINC000014495069,1
CC(CC(=O)O)[*:1],ZINC000000388188,5
C[C@@H](CO)[C@@H](S)C[*:1],ZINC000014589116,6
C[C@@H](CO)[C@@H](S)[*:1],ZINC000014589116,5
CC[C@@H]([C@@H](C)CO)[*:1],ZINC000014589116,10
CC[C@H](S)[C@H](CO)[*:1],ZINC000014589116,10
CC[C@H](S)[C@@H](C)C[*:1],ZINC000014589116,7
O=C1C=C([*:1])CCC1,ZINC000003860608,1
O[C@H]1CCO[C@@H]1[*:1],ZINC000005736100,2
C[C@H](CN)C[*:1],ZINC000002041177,6
CC[C@@H](CN)[*:1],ZINC000002041177,6
CCC(C)(C)CC[*:1],ZINC000001699558,8
CCC(C)(C)C[*:1],ZINC000001699558,4
CCCC(C)(CC)[*:1],ZINC000001699558,6
CCCC(C)(C)[*:1],ZINC000001699558,3
CCCC(C)(C)C[*:1],ZINC000001699558,9
NC(=O)CCC(=O)[*:1],ZINC000003869625,6
CC/C=C(\C)[*:1],ZINC000107434021,2
CC/C=C(\C)[C@H](O)[*:1],ZINC000107434021,5
C[C@H](C(=O)O)[C@@H](O)[*:1],ZINC000107434021,6
C[C@@H](O)CC(=O)C[*:1],ZINC000257551526,5
C[C@@H](O)CC(=O)[*:1],ZINC000257551526,5
C#CC[C@@H](C(=O)O)[*:1],ZINC000000402661,4
CC(C)(/C=C/[*:1])OO,ZINC000085644627,4
C=C(C)[C@](C)(O)[*:1],ZINC000055231618,3
C1=N[CH+]N=C1C[*:1],ZINC000150344663,3
C1CO[C@H](CN[*:1])C1,ZINC000002111726,5
C[C@@H]1OC([*:1])=CC1=O,ZINC000100009149,1
CCCNC(=O)O[*:1],ZINC000004027166,5
CCSS[C@@H](CC)[*:1],ZINC000015204800,9
C[S@](=O)C[C@@H](N)[*:1],ZINC000005339232,5
C/C(C#N)=C/[*:1],ZINC000085532036,1
C/C(C#N)=C/C[*:1],ZINC000085532036,3
C/C(C#N)=C/CO[*:1],ZINC000085532036,7
O=CC(O)[*:1],ZINC000002383087,3
O=CC(C=O)[*:1],ZINC000002383087,5
CC(C)[C@@H](O)[C@@H](O)[*:1],ZINC000256069558,5
Cn1cnc([*:1])c1,ZINC000000895896,1
Cn1cnc(C[*:1])c1,ZINC000000895896,2
OCCC[C@H](O)[*:1],ZINC000095619327,8
CC(C)C(=O)[C@H](O)[*:1],ZINC000014448218,4
C=C[C@H](C)C[C@@H](O)[*:1],ZINC000014448218,5
O[C@@H]1CCCO[C@H]1[*:1],ZINC000004654881,2
CN[C@H](C(C)C)[*:1],ZINC000085570901,4
OC[C@H]1O[C@H]1[*:1],ZINC000001534970,3
OC[C@H]1O[C@H]1C#C[*:1],ZINC000001534970,2
CS[C@@H](CCO)C[*:1],ZINC000000409333,7
CS[C@@H](CCO)[*:1],ZINC000000409333,8
CNC[C@@H](CCO)[*:1],ZINC000150345631,9
C/C(Cl)=C(\C)[*:1],ZINC000409414316,1
CC/C=C/[C@@](C)(O)[*:1],ZINC000100774339,3
CSSSS[*:1],ZINC000005734567,5
CN[C@H](C[*:1])C(=O)O,ZINC000005888070,6
CC[C@H](CCC=O)[*:1],ZINC000043502273,8
COC(C)O[*:1],ZINC000002034885,1
COC(C)[*:1],ZINC000002034885,1
c1cnc(S[*:1])cn1,ZINC000000156980,4
C[C@H]1CCO[C@@H]([*:1])O1,ZINC000004026342,1
C[C@](O)(CO)[C@H](O)[*:1],ZINC000015050132,7
O=C/C=C/[C@H]1O[C@@H]1[*:1],ZINC000031543299,3
CC[C@H]1O[C@@H]1/C=C/[*:1],ZINC000031543299,5
CC(C)(S)CC(=O)[*:1],ZINC000005196459,7
CC(=O)CC(C)(S)[*:1],ZINC000005196459,4
C[C@H](CO)C[C@H](C)[*:1],ZINC000015119987,8
O=C1CCCC[C@H]1[*:1],ZINC000003860604,1
CCCS/C=C/[*:1],ZINC000014679957,7
C/C=C/SCC[*:1],ZINC000014679957,9
C=C(N)[*:1],ZINC000100028799,1
Oc1ccc([*:1])cn1,ZINC000008576188,1
CC[C@@H](CC(=O)O)[*:1],ZINC000004975458,9
C[C@H](N(C)C)[*:1],ZINC000257464993,3
C=CCS(=O)(=O)S[*:1],ZINC000015122080,7
C=CCSS(=O)(=O)[*:1],ZINC000015122080,8
CC[C@@H](CCC=O)[*:1],ZINC000043502271,10
C=C(OP(=O)(O)O)[*:1],ZINC000003870145,3
NCCCCCC[*:1],ZINC000038141453,10
CC(C)/C=C/SS[*:1],ZINC000095620041,8
CSS/C=C/[*:1],ZINC000095620041,4
CSS/C=C/C(C)[*:1],ZINC000095620041,8
CC1(C)O[C@@H]1[C@@H](O)[*:1],ZINC000038431995,3
N=C1CCC([*:1])=C1O,ZINC000095620432,1
O=[S@@](O)CC[*:1],ZINC000025720432,6
N[C@@H](CC[S@@](=O)O)[*:1],ZINC000025720432,8
O=[S@@](O)C[*:1],ZINC000025720432,2
O=[S@@](O)[*:1],ZINC000025720432,1
CO[C@@H](C(=O)O)[*:1],ZINC000014455635,1
CO[C@H](C[*:1])C(=O)O,ZINC000014455635,3
OC1=C([*:1])COC=C1,ZINC000012153608,1
COC(OC)[C@@H](C)[*:1],ZINC000000389503,4
C[C@@H](O)C#C[*:1],ZINC000003874275,1
C[C@@H](O)C#CC#C[*:1],ZINC000003874275,1
O[C@H](CCl)C[*:1],ZINC000002041174,4
OC[C@@H](CCl)[*:1],ZINC000002041174,6
O=C(O)C1([*:1])CC1,ZINC000000895536,2
NC1([*:1])CC1,ZINC000000895536,1
NC(=O)CSC[*:1],ZINC000004026624,8
NC(=O)CS[*:1],ZINC000004026624,6
Fc1ccc([*:1])nc1,ZINC000049155361,1
C1=C[C@@H]([*:1])CN1,ZINC000013480026,2
C/C(=C\[C@H](C)O)C[*:1],ZINC000033841553,5
C/C(=C\[C@H](C)O)[*:1],ZINC000033841553,2
ClC(Cl)(Br)[C@@H](Br)[*:1],ZINC000003874471,3
OC[C@H](O)C#C[*:1],ZINC000014680544,3
OC[C@@H]1O[C@H]1[*:1],ZINC000005132045,3
OC[C@@H]1O[C@H]1C#C[*:1],ZINC000005132045,3
CC(C)CC(=O)S[*:1],ZINC000005360197,6
CSC(=O)C[*:1],ZINC000005360197,3
CSC(=O)CC(C)[*:1],ZINC000005360197,6
OB(O)[*:1],ZINC000169877213,1
O=C(NCCCl)O[*:1],ZINC000004221625,7
CCCC[C@H](C=O)[*:1],ZINC000005821675,8
CCCC(=O)N[*:1],ZINC000003894240,3
C=C(C[*:1])C(C)(C)O,ZINC000028654707,5
C=C(C(C)(C)O)[*:1],ZINC000028654707,3
CC(=O)[C@@H](O)CC[*:1],ZINC000014495041,7
CC(=O)[C@@H](O)C[*:1],ZINC000014495041,5
OCC#CC[*:1],ZINC000008715632,2
OCC#CCS[*:1],ZINC000008715632,6
OCCC#CC#C[*:1],ZINC000014616854,2
C=CC#C[*:1],ZINC000014616854,1
OCCC#C[*:1],ZINC000014616854,2
C=CC#CC#C[*:1],ZINC000014616854,1
C=CC#CC#CC[*:1],ZINC000014616854,2
S=C1NC[C@H](C[*:1])O1,ZINC000014680232,3
S=C1NC[C@H]([*:1])O1,ZINC000014680232,2
OCOCC[*:1],ZINC000085531068,7
OCOC[*:1],ZINC000085531068,5
CCC[C@@H](C)CC[*:1],ZINC000003074792,8
CCCC[C@@H](CO)[*:1],ZINC000002038253,8
OC/C=C/C=C/C[*:1],ZINC000002560463,7
OC/C=C/C=C/[*:1],ZINC000002560463,2
CC/C=C/C=C/[*:1],ZINC000002560463,2
CC/C=C/C=C/C[*:1],ZINC000002560463,5
SC[C@@H](S)[*:1],ZINC000004706612,3
C[C@@H](CS)[*:1],ZINC000004706612,2
CC/C=C/S[*:1],ZINC000033842666,6
C1=C(C[*:1])CSSC1,ZINC000013463088,4
C1=C([*:1])CSSC1,ZINC000013463088,2
C1=C[C@H]([*:1])CO1,ZINC000006031263,1
O=C(O)[C@@H](F)[*:1],ZINC000003634658,2
C[C@@H]1O[C@@H]([*:1])C[C@H]1O,ZINC000008602481,3
NC(=O)[C@H](N)[*:1],ZINC000005273947,2
NC(=O)[C@H](N)C[*:1],ZINC000005273947,5
CC(C)(Cl)[C@H](O)C[*:1],ZINC000014490904,4
CC(C)(Cl)[C@H](O)[*:1],ZINC000014490904,3
CC(C)(Cl)[*:1],ZINC000014490904,1
C[C@@H](N)C(=O)[*:1],ZINC000001532844,2
C[C@@H](N)C(=O)C[*:1],ZINC000001532844,4
C[C@@H](N)C(=O)CC[*:1],ZINC000001532844,6
COCCC(=O)[*:1],ZINC000048547073,8
C[C@@H](S)S[C@H](S)[*:1],ZINC000032163194,5
C[C@H](S[C@@H](C)S)[*:1],ZINC000032163194,6
C[C@@H](S)S[*:1],ZINC000032163194,3
CC(C)=CC(=O)N[*:1],ZINC000004200908,2
CN[C@H](CC(=O)O)[*:1],ZINC000000901012,8
CCC(C)(C)[C@@H](C)[*:1],ZINC000085972378,7
ON1C=C([*:1])C=CC1,ZINC000095617641,1
CSC(=O)CC[*:1],ZINC000000409240,8
CCCC(=O)S[*:1],ZINC000000409240,5
O=[N+]([O-])/C=C/[*:1],ZINC000000074770,1
C[C@H](S)C(=O)OC[*:1],ZINC000004802725,5
C[C@H](S)C(=O)O[*:1],ZINC000004802725,3
CCOC(=O)[C@@H](S)[*:1],ZINC000004802725,7
CC(C)/C=C/C[*:1],ZINC000085644554,3
C[C@@H](S)C(=O)[*:1],ZINC000004802667,2
CC(=O)[C@H](S)[*:1],ZINC000004802667,2
CC(C)(C)O[*:1],ZINC000245265326,1
CC(=O)CC/C=C\[*:1],ZINC000014616895,9
C[C@H](CCCO)[*:1],ZINC000257463920,5
O=C(O)[C@H]1C[C@H]1[*:1],ZINC000014418037,1
O=CCCN[*:1],ZINC000002010265,6
O=CCCNC[*:1],ZINC000002010265,7
O=CCCNCC[*:1],ZINC000002010265,9
SCC[C@H](S)[*:1],ZINC000025695480,6
C[C@H](CCS)[*:1],ZINC000025695480,5
CC(=O)C[C@@H](O)[*:1],ZINC000014500538,7
CC1(C)O[C@@H]1CO[*:1],ZINC000000518643,5
C1=CS[C@@H]([*:1])SC1,ZINC000005158016,2
C1CO[C@@H]([*:1])SC1,ZINC000014592620,2
C/C(=C\C[*:1])CC=O,ZINC000015120277,8
C/C(=C\[*:1])CC=O,ZINC000015120277,5
O=P(O)(O)[C@@H]1O[C@H]1[*:1],ZINC000001722375,1
C/C(Cl)=C/[*:1],ZINC000004285189,1
C/C(Cl)=C/C[*:1],ZINC000004285189,3
O=C1CC[C@@]2([*:1])C[C@@H]12,ZINC000005761276,1
C[C@](O)(CO)CC[*:1],ZINC000040164365,7
OCC1=C[C@@H]([*:1])CC1,ZINC000085488881,4
C1CS[C@@H]([*:1])SS1,ZINC000002020146,2
CCCN[*:1],ZINC000150348486,5
CCCNC[*:1],ZINC000150348486,7
CC[C@H](C)[C@@H](C)C[*:1],ZINC000001606157,7
CC[C@H](C)[C@@H](C)[*:1],ZINC000001606157,7
CCC[C@H](C)[C@@H](C)[*:1],ZINC000001606157,8
C/C=C\C=C\[*:1],ZINC000015146193,1
C\C=C/C=C/C=C\[*:1],ZINC000015146193,1
C=C[C@@H](C(=C)C)[*:1],ZINC000014583968,3
O=C(CCS)OC[*:1],ZINC000000409355,9
O=C(CCS)O[*:1],ZINC000000409355,7
CC(C)CC[C@@H](C)[*:1],ZINC000085646758,6
OCCCC/C=C\[*:1],ZINC000005225126,9
N#CC/N=C/[*:1],ZINC000070673692,2
c1cnc(C[*:1])cn1,ZINC000004262348,3
C/C(=C/C=O)C(=O)[*:1],ZINC000001743165,3
CC(=O)/C(=C\C=O)[*:1],ZINC000001743165,4
CC(=O)/C(C)=C\[*:1],ZINC000001743165,2
CC(=CC(=O)O)[*:1],ZINC000000967396,1
CSS[C@@H]([S@@](C)=O)[*:1],ZINC000014590131,8
COC(=O)[C@@H](N)C[*:1],ZINC000019594553,5
C=C(O[*:1])C(=O)O,ZINC000013387648,2
C[C@H]1CCO[C@H]([*:1])C1,ZINC000002018445,2
O=C(O)C[C@@H](CO)[*:1],ZINC000085489219,5
C1=CS[C@H]([*:1])C1,ZINC000078326739,1
CC(=O)N[C@@H](CO)[*:1],ZINC000000158173,3
CN(CC(=O)O)C[*:1],ZINC000000056524,8
C#CCN[*:1],ZINC000030883158,2
C#CCNC[*:1],ZINC000030883158,5
c1nnnn1C[*:1],ZINC000072320887,2
C=C[C@@H](C)[*:1],ZINC000015120821,1
C=C[C@@H](C)C[*:1],ZINC000015120821,6
C=C[C@@H](C)CC[*:1],ZINC000015120821,4
C/C(=C/C=O)CC[*:1],ZINC000012879029,8
C/C(=C/C=O)C[*:1],ZINC000012879029,5
CCC(C)(C)[C@H](C)[*:1],ZINC000085972376,6
C1CC[C@]2([*:1])O[C@H]2C1,ZINC000100051482,1
O[C@@H]1CSC[C@H]1[*:1],ZINC000524731153,2
C[C@H](C[*:1])[C@@H](O)S,ZINC000095618224,5
C[C@@H]([C@@H](O)S)[*:1],ZINC000095618224,3
CC[C@H]([C@@H](O)S)[*:1],ZINC000095618224,6
CC[C@@H](C)[C@H](S)[*:1],ZINC000095618224,7
C1COC[C@@H]([*:1])N1,ZINC000070633528,2
COC(=O)[C@H](CO)[*:1],ZINC000100823849,6
C[C@H]1O[C@@]1(C)[*:1],ZINC000257561673,1
O=C(O)CN[C@@H](O)[*:1],ZINC000015122229,5
C[C@@H](Cl)CC(=O)O[*:1],ZINC000253530247,5
C[C@@H](Cl)C[*:1],ZINC000253530247,3
CC(C)/C=C\O[*:1],ZINC000257498514,3
OC[C@@H](O)[C@@H](O)C[*:1],ZINC000032786028,5
C[N+]1([*:1])CCOCC1,ZINC000012659616,1
C[C@H](C[*:1])[C@H](O)S,ZINC000095618226,7
C[C@@H]([C@H](O)S)[*:1],ZINC000095618226,3
CC[C@H]([C@H](O)S)[*:1],ZINC000095618226,5
O[C@H](S)[*:1],ZINC000095618226,1
CC[C@@H](C)[C@@H](S)[*:1],ZINC000095618226,7
C=C/C=C/C#C[*:1],ZINC000086002009,1
C[C@@H](O)CS[*:1],ZINC000000631630,5
C=C(C)C(=O)OC[*:1],ZINC000002116517,5
CN(N=O)C(=O)N[*:1],ZINC000254856584,3
N[C@@H](CO)[C@@H](O)[*:1],ZINC000100826235,5
O=C(O)/C(=N/O)[*:1],ZINC000012495959,1
C[C@@H](O)[C@@H](O)[C@@H](O)[*:1],ZINC000006037008,5
CC1(C)O[C@@H]1C(=O)[*:1],ZINC000253623428,2
COCO[*:1],ZINC000256110568,2
C[C@H]1OCC[C@@H]([*:1])O1,ZINC000038251273,1
CCCS[C@@H](CC)[*:1],ZINC000014680373,10
C=CCC(=O)[*:1],ZINC000097125343,3
NC(=O)/C=C/S[*:1],ZINC000036458505,5
NC(=O)/C=C/[*:1],ZINC000036458505,2
C[C@@H](CCO)CC[*:1],ZINC000014655148,8
C[C@@H](CCO)C[*:1],ZINC000014655148,8
C=C[N+](C)(C)[*:1],ZINC000001686874,1
CCC(CC)N[*:1],ZINC000003639975,9
CCCC[C@@H](SC)[*:1],ZINC000095618237,8
C=C(C)[C@H](O)CO[*:1],ZINC000003594418,7
C/C=C/[C@H](C(=O)O)[*:1],ZINC000005840786,4
C/C=C/[C@@H](CCC)[*:1],ZINC000005840786,6
O=C(C[*:1])C(Br)Br,ZINC000085951974,7
O=C(CI)C(Br)[*:1],ZINC000085951974,9
O=C1C[C@@H](O[*:1])CO1,ZINC000257485924,2
N[C@@H](C=O)C[*:1],ZINC000003869972,6
O=C(C1CCC1)[*:1],ZINC000004090238,2
C/C=C\S[S@@](=O)C[*:1],ZINC000014679890,9
C/C=C\S[S@@](=O)[*:1],ZINC000014679890,7
C[C@@](N)(C1CC1)[*:1],ZINC000001671079,3
CO[C@@H]([C@@H](C)O)[*:1],ZINC000100822411,3
CC[C@@H](C[*:1])C(=O)O,ZINC000002389912,7
C[S@@](=N)(=O)[*:1],ZINC000001529679,1
C[S@@](=N)(=O)C[*:1],ZINC000001529679,3
C[S@@](=N)(=O)CC[*:1],ZINC000001529679,4
O=CCCCS[*:1],ZINC000001850433,10
C[C@H]1[C@@H](O)OC[C@@H]1[*:1],ZINC000004995652,2
CO/C(=C\[*:1])C(=O)O,ZINC000514287726,2
CC[C@@H](C=O)[*:1],ZINC000000901303,5
C[C@H](CC(C)(C)C)[*:1],ZINC000078275012,3
O=C(O)[C@H](CCO)[*:1],ZINC000000895146,8
N[C@@H](CCO)[*:1],ZINC000000895146,5
S[C@@H](c1ccco1)[*:1],ZINC000032163922,2
C[C@H](c1ccco1)[*:1],ZINC000032163922,1
O=CC/C=C\C[*:1],ZINC000012153803,5
O=CC/C=C\[*:1],ZINC000012153803,2
O=C(c1nccs1)[*:1],ZINC000000164484,1
OC(O)(O)CCC[*:1],ZINC000085588843,6
OC(O)(O)CC[*:1],ZINC000085588843,3
OC(O)(O)C[*:1],ZINC000085588843,1
OC(O)(O)[*:1],ZINC000085588843,1
C[C@H]([N+](=O)[O-])[*:1],ZINC000013362154,2
N[C@@H](CN[*:1])C(=O)O,ZINC000019364679,4
C/C(=C\C(C)(C)O)[*:1],ZINC000090756079,3
CC[C@H](C)[C@@H](CO)[*:1],ZINC000299754390,7
C[C@H](S)[C@H](C)S[*:1],ZINC000212553592,4
C[C@H](S)[C@H](C)[*:1],ZINC000212553592,3
CC[C@H](C(C)=O)[*:1],ZINC000095620504,5
C=C/C=C/CC[*:1],ZINC000002015915,6
C=C/C=C/CCC[*:1],ZINC000002015915,7
C/C=C(/CO)[*:1],ZINC000253399801,3
CN[C@@H](C)[C@H](O)[*:1],ZINC000000056399,5
CC[S@@](=O)[*:1],ZINC000006424844,3
CC[S@@](=O)C[*:1],ZINC000006424844,6
CC[S@@](=O)C[C@@H](N)[*:1],ZINC000006424844,6
CSC(=O)CCC[*:1],ZINC000001841229,10
O[C@H]1CS[C@@H]([*:1])CS1,ZINC000003861334,4
C[C@H]1C[C@@](C)([*:1])CO1,ZINC000006038030,2
Cc1noc(C[*:1])n1,ZINC000524730040,3
CO[P@](=O)(O)[*:1],ZINC000001765359,3
NC(=O)NC[C@H](N)[*:1],ZINC000001531037,6
OCC=C=CC#C[*:1],ZINC000014616363,4
C#CC#CC=C=C[*:1],ZINC000014616363,2
C1C[C@H]([*:1])N1,ZINC000000897437,1
COC[C@](C)(O)[*:1],ZINC000014689082,4
CC(=O)CC/C=C/[*:1],ZINC000005819403,6
CSS[C@@H](C[*:1])SC,ZINC000014590129,8
CSS[C@H](SC)[*:1],ZINC000014590129,8
CC[C@@H](SC)[*:1],ZINC000014590129,5
CC[C@H](SSC)S[*:1],ZINC000014590129,7
CC[C@@H](SC)SS[*:1],ZINC000014590129,9
C/C=C(\C)CO[*:1],ZINC000257534536,6
O[C@H]1[C@H](O)CN[C@H]1[*:1],ZINC000002585429,2
O=C(O)/C(C[*:1])=N/O,ZINC000013508172,3
C/C(=C\C(C)C)[*:1],ZINC000002557901,3
N#CC(C#N)=C[*:1],ZINC000000005256,1
CC(C)[C@@H](N)C[*:1],ZINC000000170090,7
O=C/C=C\C=C/[*:1],ZINC000033953305,2
CC/C=C\C=C/[*:1],ZINC000033953305,2
C=C([C@H](C)O)[*:1],ZINC000014489903,3
CCNCO[*:1],ZINC000085567410,6
CC(=O)NC[C@@H](O)[*:1],ZINC000013438044,6
Cc1n[nH]c(O)c1[*:1],ZINC000006623980,1
CC1=C([*:1])SCCO1,ZINC000000043478,1
CC[C@H](CO)CC[*:1],ZINC000001529452,8
CC[C@H](CO)C[*:1],ZINC000001529452,7
[N-]=[N+]=CC(=O)[*:1],ZINC000004104881,3
C/C=C/C#C[*:1],ZINC000523041623,1
C/C=C/C#CC#C[*:1],ZINC000523041623,1
C[C@@H]1[C@@H]([*:1])OCN1C,ZINC000005496861,4
OC[C@H](Cl)/C=C/[*:1],ZINC000013386598,4
OC[C@H](Cl)[*:1],ZINC000013386598,3
CC(C)=CC/C=C/[*:1],ZINC000033832674,4
O=C1C=C([*:1])CC1,ZINC000002035915,1
Cc1ccc(S[*:1])o1,ZINC000001850677,4
CSc1ccc([*:1])o1,ZINC000001850677,3
O=C(C[*:1])N1CCC1,ZINC000085594642,3
O=C(N1CCC1)[*:1],ZINC000085594642,1
C/C=C/S[S@@](=O)C[*:1],ZINC000039017407,7
C/C=C/S[S@@](=O)[*:1],ZINC000039017407,5
CN[C@@H](C)C(=O)N[*:1],ZINC000004221596,5
Cc1cnccc1[*:1],ZINC000013306848,1
C/C(=C\C=O)C[*:1],ZINC000014655242,5
C/C(=C\C=O)CC[*:1],ZINC000014655242,8
O=C(O)[C@@H](CSS)[*:1],ZINC000000901196,9
SSC[*:1],ZINC000000901196,3
N[C@H](CSS)[*:1],ZINC000000901196,7
SS[*:1],ZINC000000901196,1
C[C@@](O)(CO)CC[*:1],ZINC000040164364,9
NCS[*:1],ZINC000085590870,3
NCSC[*:1],ZINC000085590870,5
NCSCC[*:1],ZINC000085590870,8
NCSCC[C@H](S)[*:1],ZINC000085590870,9
O=CC(=O)[C@@H](O)[*:1],ZINC000013549494,2
COC[C@H](O)[C@H](O)[*:1],ZINC000230149198,7
O=C1O[C@@H](O)C=C1[*:1],ZINC000070454607,1
C=C(CCC(C)=O)[*:1],ZINC000001583750,6
C=C(C)CCC(=O)[*:1],ZINC000001583750,8
C[C@H](CC(C)(C)O)[*:1],ZINC000034329974,5
O=CC[C@@H](C(=O)O)[*:1],ZINC000000895231,6
N[C@@H](CC=O)[*:1],ZINC000000895231,4
CCCSC[C@@H](N)[*:1],ZINC000005836963,9
CC[C@H](O)/C=C/C[*:1],ZINC000014511116,7
OCc1cn([*:1])nn1,ZINC000008298236,2
C[N+]1([O-])CCC[C@H]1[*:1],ZINC000005419310,3
CCC(=O)OC(C)[*:1],ZINC000002031573,2
O=Cc1occc1[*:1],ZINC000004028814,2
CC(C)(CO)N[*:1],ZINC000003869640,5
Cc1cc([*:1])oc1C,ZINC000002518855,1
Cc1cc(C)c([*:1])o1,ZINC000002518855,1
C#C[C@](C)(O)[*:1],ZINC000012655312,1
C#C[C@](C)(O)C[*:1],ZINC000012655312,3
C#C[C@](C)(O)CC[*:1],ZINC000012655312,4
CC[C@@](C)(O)[C@H](O)[*:1],ZINC000072320192,4
O=C(O)[C@@H](CO)N[*:1],ZINC000000118563,6
O[C@@H]1CCC=C([*:1])C1,ZINC000014591034,3
O=C1OCCC[C@@H]1[*:1],ZINC000085925018,2
N#CC[C@@H](O)[*:1],ZINC000005157963,3
C=C[C@@H](CC#N)[*:1],ZINC000005157963,5
CC1(C[*:1])OCCO1,ZINC000000517796,3
C=C(CC(=O)O)[*:1],ZINC000013379415,5
C[C@@](Cl)(/C=C/Br)[*:1],ZINC000013379415,2
Br/C=C/[*:1],ZINC000013379415,1
OCCC/C=C\C[*:1],ZINC000012358858,9
C#CC#CCC[*:1],ZINC000014825601,2
CC(C)(/C=N/O)[*:1],ZINC000002097438,1
O=C1COC[C@H]([*:1])N1,ZINC000067896860,2
CNC[C@@H](N)CO[*:1],ZINC000150353665,9
CNC[C@@H](N)C[*:1],ZINC000150353665,6
CNC[C@@H](N)[*:1],ZINC000150353665,4
CSC[C@](C)(O)[*:1],ZINC000075157255,5
CSC[C@](C)(O)C[*:1],ZINC000075157255,9
C[C@@H](C[*:1])[C@H](O)S,ZINC000095618227,5
C[C@H]([C@H](O)S)[*:1],ZINC000095618227,3
CC[C@@H]([C@H](O)S)[*:1],ZINC000095618227,4
CC[C@H](C)[C@@H](S)[*:1],ZINC000095618227,6
O=C([C@@H]1CCCN1)[*:1],ZINC000031829428,3
C1CS[C@H](CC[*:1])N1,ZINC000005839894,5
CC#CC#C/C=C\[*:1],ZINC000014771956,1
OCC/C=C/C=C\[*:1],ZINC000014771956,5
C=CC(=C)CCC[*:1],ZINC000028541008,8
COO[*:1],ZINC000064624118,2
C/C(C(=O)O)=C(\C)[*:1],ZINC000004654603,1
OCCC#CC[*:1],ZINC000055095337,5
C=C(C)/C=C\C[*:1],ZINC000015120743,2
CCCO[C@H](C)[*:1],ZINC000001850815,5
CCCO[C@H](C)O[*:1],ZINC000001850815,5
C[C@@H](NC[*:1])C(=O)O,ZINC000013309779,6
O=C(O)COC(=O)[*:1],ZINC000225414350,3
CC(C)/C=C/[C@H](C)[*:1],ZINC000257414353,3
C[C@@](Cl)(Br)[*:1],ZINC000001322970,1
CC(C)/C=C/CC[*:1],ZINC000013481842,6
FC(F)C[*:1],ZINC000307969201,2
CNC[C@@H](C)[*:1],ZINC000001844838,3
C[C@@H](N(O)C(N)=O)[*:1],ZINC000095617654,2
SCC[C@@H](S)CC[*:1],ZINC000003869862,9
SCC[C@@H](S)C[*:1],ZINC000003869862,9
O=C1NC[C@H]([*:1])O1,ZINC000003636191,1
C[C@H](C[C@@H](C)O)C[*:1],ZINC000005841334,6
C[C@H](C[C@@H](C)O)[*:1],ZINC000005841334,7
OCCNC[*:1],ZINC000150342144,5
C[S@@+](CCCN)[*:1],ZINC000004095557,7
C[S@@+](CCCN)C[*:1],ZINC000004095557,8
C[C@@H](CC=O)S[*:1],ZINC000001850593,8
CS[C@H](CC=O)[*:1],ZINC000001850593,8
CN[C@@H](CC(C)C)[*:1],ZINC000004222241,6
CS[C@H](CC=O)C[*:1],ZINC000033506402,8
ClC=C(Cl)[*:1],ZINC000008214699,2
C(=C\[*:1])/C1OCCO1,ZINC000001600828,3
O=CCSC[*:1],ZINC000030728770,8
O=CCS[*:1],ZINC000030728770,5
CC(C)/C=C\[C@@H](C)[*:1],ZINC000118936791,3
O[C@@H](c1cnc[nH]1)[*:1],ZINC000003869788,4
CC1(C)O[C@H]1CC[*:1],ZINC000013376493,5
NC[C@H](C(=O)O)[*:1],ZINC000005131905,5
C[S@](=O)S/C=C\[*:1],ZINC000013887022,8
C[S@](=O)S[*:1],ZINC000013887022,3
CC[C@H](C)[C@H](CO)[*:1],ZINC000230202771,8
CC(C)OC[C@H](O)[*:1],ZINC000000519389,4
O=C1NCCN1C[*:1],ZINC000015673204,2
O=C1NCCN1[*:1],ZINC000015673204,2
O=C/C=C/[C@@H]1O[C@H]1[*:1],ZINC000003645472,5
CC[C@@H]1O[C@H]1/C=C/[*:1],ZINC000003645472,4
CC(C)C[C@@H](CO)[*:1],ZINC000039559795,8
C[C@H](O)CC(=O)O[*:1],ZINC000000388765,6
C[C@H](CO)C[C@@H](C)[*:1],ZINC000015119988,9
O=S1(=O)C=C[C@@H]([*:1])C1,ZINC000012894396,2
C[C@H]1C[C@H]([*:1])C(=O)O1,ZINC000095619731,3
CCCNCC[*:1],ZINC000150344010,8
OCCCC[C@@H](O)[*:1],ZINC000095618159,9
C[C@H](O)COC(=O)[*:1],ZINC000257432917,7
C[C@@](Cl)(CO)[*:1],ZINC000014689046,2
N=C(O)NCC[*:1],ZINC000082071923,7
N[C@H](S(=O)(=O)O)[*:1],ZINC000012495678,1
N[C@@H](C[*:1])S(=O)(=O)O,ZINC000012495678,3
CCSSCSC[*:1],ZINC000015204731,8
CCSSCS[*:1],ZINC000015204731,7
CCSCSS[*:1],ZINC000015204731,8
CCSCSSC[*:1],ZINC000015204731,9
C=C[C@@H](C)C[C@@H](O)[*:1],ZINC000014448221,5
C/C=C\[C@H](C)[*:1],ZINC000038609494,3
O=C(c1ccsc1)[*:1],ZINC000000334460,2
Oc1c[nH]c([*:1])c1,ZINC000014507840,1
O=C(O)[C@H]1O[C@@H]1[*:1],ZINC000034499765,1
CC(C)C(=O)C(=O)[*:1],ZINC000001663924,3
CC(=O)C(=O)C(C)[*:1],ZINC000001663924,3
CC(C)(CO)[C@H](O)[*:1],ZINC000001605436,6
CC(=O)CC[C@H](O)[*:1],ZINC000005159624,8
CS(=O)(=O)CSS[*:1],ZINC000003647541,9
O[C@H](C(Cl)(Cl)Cl)[*:1],ZINC000003875797,1
COC(C)(C)[C@@H](O)[*:1],ZINC000005962402,4
CC(=O)OCCO[*:1],ZINC000001800215,9
O[C@@H]1C=N[C@@H]([*:1])C1,ZINC000003870185,1
O=C(CO)C[C@H](O)[*:1],ZINC000100769745,4
C1CC(NC[*:1])C1,ZINC000096112624,6
N=C(O)NC[C@@H](O)[*:1],ZINC000014446142,4
OSCC[*:1],ZINC000013396777,8
OSC[*:1],ZINC000013396777,2
OS[*:1],ZINC000013396777,1
C#CO[*:1],ZINC000252694737,1
CCS(=O)(=O)C[*:1],ZINC000008922894,6
CCS(=O)(=O)CC[*:1],ZINC000008922894,8
ICC[*:1],ZINC000001577168,3
C[C@@H](C#N)[*:1],ZINC000067913710,1
C[C@H]([C@@H](C)C#N)[*:1],ZINC000067913710,3
C[C@@H](C#N)[C@@H](C)O[*:1],ZINC000067913710,3
COC(/C=C/[*:1])OC,ZINC000002384557,2
CC(C)(C)OC[*:1],ZINC000043741150,2
C=CC[C@@H](C(=O)O)[*:1],ZINC000002570839,6
C=CC[C@H](CCC)[*:1],ZINC000002570839,8
CSCSSC[*:1],ZINC000015204796,9
CSCSS[*:1],ZINC000015204796,7
O[C@@H]1CCS[C@@H]1[*:1],ZINC000014724336,3
C[C@H]1SCC[C@H]1[*:1],ZINC000014724336,2
CCCCO[C@H](C)[*:1],ZINC000013380435,9
C[N+]1=CCC[C@@H]1[*:1],ZINC000005419315,2
CC(CCOC=O)[*:1],ZINC000001693578,10
Oc1cc([*:1])co1,ZINC000100406235,1
C[C@@H]1O[C@@H]([*:1])[C@@H](C)O1,ZINC000255976620,2
CC[C@@H](C)OC(=O)[*:1],ZINC000000952269,2
CC(C)CCSS[*:1],ZINC000032182883,9
CSSCCC(C)[*:1],ZINC000032182883,7
C[N+]1([*:1])CCCCC1,ZINC000217449932,1
N[C@@H]([C@H](O)CO)[*:1],ZINC000001530328,6
C/C(=C/CS)CC[*:1],ZINC000038613534,8
C/C(=C/CS)C[*:1],ZINC000038613534,5
C/C(=C/CS)[*:1],ZINC000038613534,3
C[C@H](O)[C@](C)(O)[*:1],ZINC000001731109,3
CC(C)CC/C=C/[*:1],ZINC000002010383,7
CCc1ccc([*:1])s1,ZINC000002510291,3
O=[N+]([O-])CCCC[*:1],ZINC000001845815,9
O=[N+]([O-])CCC[*:1],ZINC000001845815,5
CCC[S@@](=O)SC[*:1],ZINC000001551040,7
CCC[S@@](=O)S[*:1],ZINC000001551040,8
CCCS[S@](=O)[*:1],ZINC000001551040,8
CCCS[S@](=O)C[*:1],ZINC000001551040,8
O[C@@H]1[C@H](O)CO[C@H]1[*:1],ZINC000038140829,2
CC(=O)N(C(C)=O)[*:1],ZINC000002015842,2
CC/C=C/[C@](C)(O)[*:1],ZINC000257556924,4
O=C1C[C@@H]([*:1])ON1,ZINC000004097510,2
C#CC#CC(=O)[*:1],ZINC000014652103,1
CSCSC(=O)[*:1],ZINC000014593619,8
ClCCCCCC[*:1],ZINC000004029501,10
ClCCCCC[*:1],ZINC000004029501,10
ClCCCC[*:1],ZINC000004029501,7
ClCCC[*:1],ZINC000004029501,5
C[C@@H](CCCO)[*:1],ZINC000013382798,8
C[N+](C)(CC(N)=O)[*:1],ZINC000001788405,2
C[C@@H]1N[C@H]([*:1])SCS1,ZINC000013460370,2
NC(=O)N/C=C/[*:1],ZINC000012658525,2
C1CS[C@@H](CC[*:1])N1,ZINC000005822249,4
C1CS[C@@H](C[*:1])N1,ZINC000005822249,4
C1CS[C@@H]([*:1])N1,ZINC000005822249,2
CCNC(=O)O[*:1],ZINC000004235761,3
CC(C)(Cl)[C@@H](O)C[*:1],ZINC000014490906,6
CC(C)(Cl)[C@@H](O)[*:1],ZINC000014490906,3
OC[C@H]1CC[C@H]([*:1])O1,ZINC000001611085,3
CCC(CC)(NC)[*:1],ZINC000037458715,7
O[C@H]1C=C([*:1])CCC1,ZINC000006032027,2
O=CCCCNC[*:1],ZINC000013509940,9
O=CCCCN[*:1],ZINC000013509940,6
CCc1cnc([*:1])o1,ZINC000032166516,2
CCCC(CCC)[*:1],ZINC000005509740,9
OCCC[C@@H](O)C[*:1],ZINC000085597475,9
OCCC[C@@H](O)[*:1],ZINC000085597475,9
BrCCCC[*:1],ZINC000252462087,8
BrCCC[*:1],ZINC000252462087,4
BrCC[*:1],ZINC000252462087,3
c1ncc(C[*:1])cn1,ZINC000604383341,1
NC[C@@H](O)[C@@H](O)[*:1],ZINC000257371007,5
CC[C@H](C)[C@@H](NC)[*:1],ZINC000100772950,8
C[N+]1([*:1])CCCC1,ZINC000239432732,1
CC(C)[C@H](O)[C@@H](O)[*:1],ZINC000005442556,7
ON/C=C/CC[*:1],ZINC000095914252,6
ON/C=C/C[*:1],ZINC000095914252,3
ON/C=C/[*:1],ZINC000095914252,2
CC[C@@H](S)S[C@H](S)[*:1],ZINC000095620580,8
CC[C@@H](S)S[*:1],ZINC000095620580,5
CCC(=C(C)C)[*:1],ZINC000257545875,3
CCC(C[*:1])=C(C)C,ZINC000257545875,5
CC1(C)CC=C([*:1])C1,ZINC000034084081,2
C[C@@H](C[C@@H](C)O)C[*:1],ZINC000002528295,8
C[C@@H](O)C[C@H](C)[*:1],ZINC000002528295,5
O=C1CCC[C@H]1C[*:1],ZINC000005761927,3
O=C1CCC[C@H]1[*:1],ZINC000005761927,2
C[C@H](C(=O)C(N)=O)[*:1],ZINC000001856482,3
NC(=O)C(=O)[*:1],ZINC000001856482,1
C[C@H](CCCCO)[*:1],ZINC000002504418,9
C[C@@H]1CC=C[C@H]([*:1])C1,ZINC000085532422,1
O=CNCC(=O)N[*:1],ZINC000004096399,4
C[C@H]1C[C@@H]([*:1])C(=O)O1,ZINC000001850458,2
O=[N+]([O-])OC[*:1],ZINC000012658902,1
O=[N+]([O-])O[*:1],ZINC000012658902,1
OC[C@@H](O)[C@H](CO)[*:1],ZINC000017971067,7
Clc1cc(C[*:1])on1,ZINC000524730870,2
Clc1cc([*:1])on1,ZINC000524730870,1
Nc1ncncc1[*:1],ZINC000035425964,1
CC(C)(S)C[C@H](O)[*:1],ZINC000014589123,6
C[C@H](CC(C)(C)S)[*:1],ZINC000014589123,6
C[C@@H](O)CC(C)(S)[*:1],ZINC000014589123,6
C[C@@H](O)CC(C)(C)[*:1],ZINC000014589123,3
CC[C@@H](C)/C=C(\C)[*:1],ZINC000005247706,6
c1cc(CC[*:1])n[nH]1,ZINC000086047376,7
c1cc(C[*:1])n[nH]1,ZINC000086047376,2
c1cc([*:1])n[nH]1,ZINC000086047376,1
C[C@@H]1CCO[C@@H]([*:1])C1,ZINC000004082316,2
O=[S@](O)CC[*:1],ZINC000012953444,5
N[C@H](CC[S@](=O)O)[*:1],ZINC000012953444,7
O=[S@](O)C[*:1],ZINC000012953444,2
O=[S@](O)[*:1],ZINC000012953444,1
CC(=O)/C(C)=C/C[*:1],ZINC000005819330,4
CCC/C=C(\C)[*:1],ZINC000005819330,6
O=C1COC([*:1])=C1O,ZINC000059994377,1
C[C@@](S)(CO)CC[*:1],ZINC000090416377,10
C[C@@](S)(CO)C[*:1],ZINC000090416377,7
C[C@@](S)(CO)[*:1],ZINC000090416377,3
CCC[C@](S)(CO)[*:1],ZINC000090416377,8
CCC[C@@](C)(CO)[*:1],ZINC000090416377,9
CCC[C@](C)(S)[*:1],ZINC000090416377,5
CCC[C@](C)(S)C[*:1],ZINC000090416377,7
C[C@H](O)[C@H](O)[C@H](O)[*:1],ZINC000137815004,6
C=CC(C)(C)C(=O)[*:1],ZINC000014822578,4
O[C@@H]1[C@H]([*:1])NC[C@@H]1O,ZINC000003870472,2
O=CCC/C=C\[*:1],ZINC000013542723,8
O=C1CC[C@@H]([*:1])S1,ZINC000032175836,1
C[C@@H]1C[C@H]([*:1])OC1=O,ZINC000257804362,1
O=C([C@H]1CCCN1)[*:1],ZINC000032218111,2
CC[C@H](C)OC(=O)[*:1],ZINC000100553122,3
O[C@@H]1CCS[C@H]1[*:1],ZINC000014724334,2
C[C@@H]1SCC[C@H]1[*:1],ZINC000014724334,2
CSS[C@@H](C)SC[*:1],ZINC000015205754,9
CSS[C@@H](C)S[*:1],ZINC000015205754,8
CCS[C@@H](SSC)[*:1],ZINC000015205754,8
CCS[C@H](C)[*:1],ZINC000015205754,2
CCS[C@H](C)SS[*:1],ZINC000015205754,9
CC(/C=C\C(=O)O)[*:1],ZINC000013509329,2
N[C@H](C=O)[*:1],ZINC000002043392,2
N[C@H](C=O)C[*:1],ZINC000002043392,5
CC(C)[C@@H](O)[C@H](O)[*:1],ZINC000001844924,5
CC(=O)O[C@H](C)O[*:1],ZINC000002045861,1
CSC[C@H](C(=O)O)[*:1],ZINC000015261463,7
C[C@H](CO)C[C@H](O)[*:1],ZINC000257561628,8
CC(C)[C@H](C)[C@H](C)[*:1],ZINC000085972331,6
CC(O)(C(=O)O)[*:1],ZINC000001673419,1
CC[C@@H](O)/C=C/C[*:1],ZINC000014511113,8
CSCC(=O)OC[*:1],ZINC000000407006,7
CSCC(=O)O[*:1],ZINC000000407006,7
NC(N)=NOCC[*:1],ZINC000005113445,5
NC(N)=NOC[*:1],ZINC000005113445,2
NC(N)=NO[*:1],ZINC000005113445,2
Sc1ccsc1[*:1],ZINC000005765013,1
Cc1sccc1[*:1],ZINC000005765013,1
CC(=O)N(O)[*:1],ZINC000049771971,2
CC(=O)N(O)C[*:1],ZINC000049771971,4
CC(=O)N(O)CC[*:1],ZINC000049771971,6
CCOC(OCC)[*:1],ZINC000015272539,4
CCC/C(=C/[*:1])CO,ZINC000085624804,8
C[C@@H]1[C@H](O)OC[C@@H]1[*:1],ZINC000014860574,3
CCOC(C)(C)[*:1],ZINC000514287808,1
C[C@H]1COCN1C[*:1],ZINC000032501348,3
C[C@H]1COCN1[*:1],ZINC000032501348,3
C[C@H]1[C@H](C)CC[C@@H]1[*:1],ZINC000100778610,1
N=C(NCCO)N[*:1],ZINC000085597192,5
O=C1NC(=O)[C@@H]([*:1])N1,ZINC000001843029,1
C[C@@H](C(=O)O)[C@H](C)[*:1],ZINC000014649198,6
N[C@H]1CCN[C@H]1[*:1],ZINC000022923620,2
CC#CC#CC(=O)[*:1],ZINC000001531096,1
O[C@@H]1C=C([*:1])CCC1,ZINC000006067252,2
C[C@](O)(CCO)[*:1],ZINC000000901256,5
C[C@](O)(CCO)C[*:1],ZINC000000901256,7
CSc1ccoc1[*:1],ZINC000002509929,3
CC[C@](C)(O)[C@@H](O)[*:1],ZINC000072320193,6
C=CC/C=C/CC[*:1],ZINC000001765432,6
c1csc(SS[*:1])c1,ZINC000000313139,4
O=C1SCC[C@@H]1[*:1],ZINC000263586706,2
CC(C)(O)[C@@H](CO)[*:1],ZINC000069481846,6
CC#CC[*:1],ZINC000049171701,1
CC1=CCO[C@@H]([*:1])C1,ZINC000001850898,2
C[C@]1([*:1])CS1,ZINC000253499881,1
NO[*:1],ZINC000001531042,1
NOC[*:1],ZINC000001531042,1
NOCC[*:1],ZINC000001531042,2
NOCC[C@H](N)[*:1],ZINC000001531042,5
C[C@H](CNC(=N)O)[*:1],ZINC000094437771,5
O=C(CO)N[*:1],ZINC000004096097,2
C[C@@H](O)C(=O)S[*:1],ZINC000003870223,4
C[C@@H](O)C(=O)SC[*:1],ZINC000003870223,6
C[C@@H](O)CN[*:1],ZINC000253409794,5
N#CCS[*:1],ZINC000005050833,2
C[C@@H]1CC(=O)O[C@H]1[*:1],ZINC000005820598,2
NCCOC(=O)C[*:1],ZINC000013816329,8
O=C(C[*:1])/C(O)=C/O,ZINC000100079140,3
O=C(/C(O)=C/O)[*:1],ZINC000100079140,2
CSCCC(=O)[*:1],ZINC000100079140,8
O/C=C(\O)[*:1],ZINC000100079140,1
O=c1ccocc1[*:1],ZINC000095914653,1
C=C([C@H](N)C(=O)O)[*:1],ZINC000013354883,3
C=C(CCC)[C@H](N)[*:1],ZINC000013354883,9
NCSCC[C@@H](S)[*:1],ZINC000012496810,8
O[C@@H]1CCCN[C@H]1[*:1],ZINC000082395906,2
CC(C)(O)C#C[*:1],ZINC000020111883,1
CC(C)(S)CC[*:1],ZINC000014589098,7
C/C=C\[C@@H](C)[*:1],ZINC000038613495,3
ClC(Cl)(Cl)CO[*:1],ZINC000030728760,3
Cc1cnc(C[*:1])s1,ZINC000095620569,3
O=C(O)C(=O)C(=O)[*:1],ZINC000001530152,1
C1CCC(S[*:1])C1,ZINC000004259381,3
CN1CCC=C([*:1])C1,ZINC000052541469,2
NC(=S)[*:1],ZINC000004006855,1
CCSS[C@@H](C)[*:1],ZINC000015204729,7
CCSS[C@@H](C)S[*:1],ZINC000015204729,9
CSC(=S)NC[*:1],ZINC000006019397,6
CSC(=S)N[*:1],ZINC000006019397,3
C=C1C[C@@H]1C[C@@H](N)[*:1],ZINC000003876010,5
O[C@H]1CN1C[*:1],ZINC000085547925,4
C[C@@H](CN1C[C@@H]1O)[*:1],ZINC000085547925,6
O[C@H]1CN1[*:1],ZINC000085547925,2
COC(=O)CS[*:1],ZINC000008740181,7
COC(=O)CSC[*:1],ZINC000008740181,9
C[C@H]1CO[C@@](C)([*:1])O1,ZINC000006037901,2
C[C@@H]1[C@H]([*:1])CC[C@@H]1C,ZINC000100778613,2
O=C1CCO[C@@H]1[*:1],ZINC000003880801,2
O=C1C=CC([*:1])=C1O,ZINC000100828121,1
O=C1C=CC(O)=C1[*:1],ZINC000100828121,1
C/C=C/C=C/C#C[*:1],ZINC000014616319,1
S=C1NC[C@@H](C[*:1])O1,ZINC000014680230,4
S=C1NC[C@@H]([*:1])O1,ZINC000014680230,2
NCC(=O)O[*:1],ZINC000020113377,2
O=C(O)N[*:1],ZINC000040165549,1
C1C[C@H]([*:1])N2C[C@H]12,ZINC000085547948,2
OCCCC#C[*:1],ZINC000013433517,5
C[C@@H](O)C(=O)N[*:1],ZINC000035784759,2
C[C@@H](O)C(=O)NC[*:1],ZINC000035784759,5
CN(C)CCNC[*:1],ZINC000030883539,8
CN(C)CCN[*:1],ZINC000030883539,4
Nc1cncn1[*:1],ZINC000004096090,1
c1nc([*:1])cs1,ZINC000000517373,1
C/C(=C/[*:1])CC(=O)O,ZINC000086050405,4
C[S@@](=O)C[C@@H](N)[*:1],ZINC000005339229,5
CO/C=C/CCC[*:1],ZINC000095618228,9
CO/C=C/CC[*:1],ZINC000095618228,6
CO/C=C/C[*:1],ZINC000095618228,3
CO/C=C/[*:1],ZINC000095618228,2
OC/C=C\CCC[*:1],ZINC000051943844,8
OC/C=C\CC[*:1],ZINC000051943844,7
OC/C=C\C[*:1],ZINC000051943844,3
CC1(C)CC[C@H]1[*:1],ZINC000100825125,2
O=C[C@@H](O)C[*:1],ZINC000100028460,4
ClC(Cl)C(Cl)(Cl)[*:1],ZINC000100141684,3
CSS[C@H](C)SC[*:1],ZINC000015205751,9
CSS[C@H](C)S[*:1],ZINC000015205751,8
CSS[C@H](C)[*:1],ZINC000015205751,5
CCS[C@H](SSC)[*:1],ZINC000015205751,8
CN(C)/N=N/[*:1],ZINC000008740301,1
C[C@@H](O)CC(=O)O[*:1],ZINC000000164685,9
CC(=CC=O)[*:1],ZINC000100006189,2
O=[SH](=O)C[*:1],ZINC000150338756,2
N[C@@H](C[SH](=O)=O)[*:1],ZINC000150338756,7
O=[SH](=O)[*:1],ZINC000150338756,1
CC1(C)O[C@@H]1[C@H](O)[*:1],ZINC000014587144,3
C1=C[C@H]([*:1])CC1,ZINC000001680680,2
O=C(C1=NCCS1)[*:1],ZINC000033951308,2
Sc1ccoc1[*:1],ZINC000100013729,1
C=C1CC[C@@]2([*:1])C[C@@H]12,ZINC000001599726,1
O[C@@H]1CCO[C@@H]1[*:1],ZINC000005736030,2
C=C(C)[C@@H](CO)[*:1],ZINC000002568345,6
C=C(C)[C@@H](CO)C[*:1],ZINC000002568345,10
c1coc(CC[*:1])n1,ZINC000095619738,4
c1coc(C[*:1])n1,ZINC000095619738,3
C[C@@H]1N=C([*:1])CS1,ZINC000031361507,1
CC1=N[C@@H]([*:1])SC1,ZINC000031361507,1
C/C=C/[S@](=O)SC[*:1],ZINC000095618263,8
C/C=C/[S@](=O)S[*:1],ZINC000095618263,5
C[C@@](O)(CCl)[*:1],ZINC000014689052,3
c1nc([*:1])n[nH]1,ZINC000524730781,1
O=C(O)[C@H](Cl)C(=O)[*:1],ZINC000004654824,5
O=C(O)[C@H](Cl)[*:1],ZINC000004654824,3
C[C@H](CC=O)S[*:1],ZINC000001850595,7
S[C@@]1([*:1])CCCS1,ZINC000032163938,1
C[C@]1([*:1])CCCS1,ZINC000032163938,2
OC/C=C\C=C\C[*:1],ZINC000014616379,4
OC/C=C\C=C\[*:1],ZINC000014616379,3
CCC/C=C/C=C\[*:1],ZINC000014616379,7
O=C1CC[C@H]([*:1])S1,ZINC000032175839,1
CSS/C=C\[*:1],ZINC000014590135,5
CSSS/C=C/[*:1],ZINC000014590144,6
C/C=C/SSS[*:1],ZINC000014590144,6
O=C1C[C@H]([*:1])C(=O)O1,ZINC000100165038,2
NC(=O)NS(=O)(=O)[*:1],ZINC000002566542,4
CC(=O)NNC(=O)[*:1],ZINC000000254441,4
CSCC(=O)C[*:1],ZINC000001850679,7
CSCC(=O)[*:1],ZINC000001850679,6
CCC(=O)CS[*:1],ZINC000001850679,6
FC(Cl)(Cl)C(F)(Cl)[*:1],ZINC000040454340,4
FC(Cl)(Cl)C(F)(F)[*:1],ZINC000040454340,3
FC(F)(Cl)C(Cl)(Cl)[*:1],ZINC000040454340,3
FC(F)(Cl)C(F)(Cl)[*:1],ZINC000040454340,4
O=[S@](CCO)[*:1],ZINC000255974369,6
CC[C@H]1O[C@H]1C#C[*:1],ZINC000086004128,2
O=NN(O)C[*:1],ZINC000004214744,5
N[C@@H](CN(O)N=O)[*:1],ZINC000004214744,7
O=NN(O)[*:1],ZINC000004214744,2
CC(C)[C@@H](Cl)[*:1],ZINC000253530190,3
C[C@H]1O[C@@H]([*:1])C[C@@H]1S,ZINC000100776199,3
C[C@H]1C[C@H]([*:1])[C@@H](C)O1,ZINC000100776199,3
C[C@H]1C[C@H](S)[C@@H]([*:1])O1,ZINC000100776199,2
Cc1n[nH]c(C)c1[*:1],ZINC000604404570,1
CO/C(S)=N/[*:1],ZINC000095620042,1
CO/C(S)=N/C[*:1],ZINC000095620042,2
O[C@@H](CS)[*:1],ZINC000000968221,3
CC(C)(C)C(=O)O[*:1],ZINC000004339976,1
C1CN(C[*:1])C1,ZINC000225421885,3
C1CN([*:1])C1,ZINC000225421885,2
C/C=C/S/C=C/[*:1],ZINC000005132893,3
Clc1ncccc1[*:1],ZINC000001069664,1
CNC(=O)C(C)(C)[*:1],ZINC000225402531,1
N[C@H](CO)[C@@H](O)[*:1],ZINC000008195647,8
C[S@@](=O)SC[*:1],ZINC000014590140,5
C[S@@](=O)S[*:1],ZINC000014590140,3
C=CCS[S@](=O)[*:1],ZINC000014590140,7
OCCNCC[*:1],ZINC000019939790,8
CC(=O)[C@H]1O[C@]1(O)[*:1],ZINC000013397684,2
C/C(O)=N\[*:1],ZINC000012494166,1
CCCSC[C@H](N)[*:1],ZINC000005836947,10
CC(CC(N)=O)[*:1],ZINC000000158116,5
CCc1coc([*:1])n1,ZINC000032163583,3
CC(CCCO)[*:1],ZINC000001592388,8
c1csc(CC[*:1])n1,ZINC000108451613,6
CCCCC#CC[*:1],ZINC000085663762,8
C1N[C@@H]([*:1])CS1,ZINC000000967474,2
O=C1CCC([*:1])=C1O,ZINC000025695693,1
CCC[S@@](=O)C[*:1],ZINC000005543431,7
C=Cc1ccc([*:1])s1,ZINC000014680339,2
S=C=NCCS[*:1],ZINC000069012246,7
FC(F)(F)C(F)(F)[*:1],ZINC000031318695,1
PC[C@@H](P)[*:1],ZINC000095618403,3
PC[*:1],ZINC000095618403,1
C[C@H]1SS[C@H]([*:1])S1,ZINC000002015031,2
CC(C)(O)[C@H](CO)[*:1],ZINC000014719901,7
COC(=O)[C@H](C)C[*:1],ZINC000004521669,8
CC[C@H](C(=O)OC)[*:1],ZINC000004521669,5
C1CC1CO[*:1],ZINC000003839642,4
C[C@H]1CC(=O)O[C@H]1[*:1],ZINC000005820603,2
C[C@@H]1C(=O)OC[C@@H]1[*:1],ZINC000118937409,2
OCC[C@@H](O)CC[*:1],ZINC000005820872,9
OCC[C@@H](O)C[*:1],ZINC000005820872,10
C[C@H]1[C@H]([*:1])CO[C@@H]1O,ZINC000004995651,2
O=C(CCCO)[*:1],ZINC000015248723,7
OCSC[*:1],ZINC000003870218,5
OCS[*:1],ZINC000003870218,2
N[C@H](CO)CC(=O)[*:1],ZINC000005138489,7
CN[C@H](O)[*:1],ZINC000150343235,3
COC(=O)CC(C)[*:1],ZINC000000391144,4
N/C(=C/C=C\C=O)[*:1],ZINC000013537120,2
CC(=O)/C=C/[C@H](O)[*:1],ZINC000014815475,5
C[S+](C)[*:1],ZINC000008216665,1
[N-]=[N+]=N[*:1],ZINC000008762039,1
CCOO[*:1],ZINC000103541367,2
NCCC[C@@H](N)[*:1],ZINC000001532678,10
C[C@@H]1O[C@H]([*:1])C[C@H]1O,ZINC000002516022,2
O[C@H]1C[C@H](O)[C@@H]([*:1])O1,ZINC000004228296,3
C[C@](O)(CCl)[*:1],ZINC000585660658,3
CCOC(=O)[C@@H](N)[*:1],ZINC000100566600,5
Brc1csc([*:1])c1,ZINC000101666534,1
CC([C@H](C)O)[*:1],ZINC000002034503,3
C1=CC[C@@H]([*:1])C=C1,ZINC000095912508,1
Brc1cnn(C[*:1])c1,ZINC000604404901,2
Brc1cnn([*:1])c1,ZINC000604404901,1
C1CN([*:1])CCS1,ZINC000049411310,2
O=C(O)C(=O)NC[*:1],ZINC000001529886,3
O=C/C=C\CC[*:1],ZINC000013551387,5
O=C/C=C\C[*:1],ZINC000013551387,4
O=C(O)[C@@H](CS)C[*:1],ZINC000014589088,9
O=Cc1ccc([*:1])s1,ZINC000002090299,1
C[C@@H](Cl)[C@@](C)(O)[*:1],ZINC000257423767,3
NC[C@H](N)[*:1],ZINC000038232975,3
C1=N[CH+]C(CC[*:1])=N1,ZINC000085530242,4
COC(=O)[C@H](O)C[*:1],ZINC000001849641,3
CS[S@@](=O)C[*:1],ZINC000014590138,5
c1cnc(S[*:1])nc1,ZINC000004259343,2
C1=CC([*:1])=CCC1,ZINC000008220444,1
SC(S)=NCC[*:1],ZINC000003875945,5
SC(S)=N[*:1],ZINC000003875945,1
SC(S)=NC[*:1],ZINC000003875945,2
C=CCC/C=C/[*:1],ZINC000086001997,7
C=CCC/C=C/C[*:1],ZINC000086001997,7
O=c1cnc([*:1])c[nH]1,ZINC000005116994,1
CS[C@H](CC(C)=O)[*:1],ZINC000033951264,7
CS[C@@H](C)CC(=O)[*:1],ZINC000033951264,5
C[C@@H](O)[C@@H](O)[C@H](O)[*:1],ZINC000004995362,6
CCCC[C@@](C)(O)[*:1],ZINC000096316376,6
C[C@H]1CC=C[C@H]([*:1])C1,ZINC000085532298,3
Nc1nnc(C[*:1])s1,ZINC000001065183,3
Nc1nnc([*:1])s1,ZINC000001065183,1
CC(C)(S)CCO[*:1],ZINC000014589100,7
COCCC(C)(S)[*:1],ZINC000014589100,7
COCCC(C)(C)[*:1],ZINC000014589100,5
CC(=O)C[C@@H](C)[*:1],ZINC000011631247,4
C1=C([*:1])CCNC1,ZINC000003872953,1
Cc1cc([*:1])[nH]n1,ZINC000000488165,1
CCC(O)(CC)[*:1],ZINC000016051422,6
CCCSC(=O)C[*:1],ZINC000014438522,8
CC1=CC(=O)O[C@H]1[*:1],ZINC000033829902,1
O=C1SCC[C@H]1[*:1],ZINC000054009854,2
C[C@@H](C(=O)C(N)=O)[*:1],ZINC000006425539,3
CCC(=O)S[*:1],ZINC000032154765,5
C=C(CCC(=O)O)[*:1],ZINC000255196226,6
CS[C@H](C(C)=O)[*:1],ZINC000002568012,5
CS[C@@H](C)C(=O)[*:1],ZINC000002568012,5
C1CO[C@H]([*:1])SC1,ZINC000014592621,2
OS/C=C/[*:1],ZINC000014679881,2
C[C@H](O)[C@@](C)(O)[*:1],ZINC000001731111,3
C1=C[C@H]([*:1])SS1,ZINC000033832605,2
CC(CCC=O)[*:1],ZINC000001529424,5
CC/C=C(\C=O)[*:1],ZINC000002034338,3
CC/C=C(/C)[*:1],ZINC000002034338,2
CC(CCN=C=S)[*:1],ZINC000002528121,7
O[C@H]1C=N[C@H]([*:1])C1,ZINC000003870184,2
C[C@@H](CN)[*:1],ZINC000004658592,2
O=C1CCO[C@H]1[*:1],ZINC000003880802,2
C=CCSSCC[*:1],ZINC000002038819,10
O=c1ssc([*:1])c1Cl,ZINC000001722340,1
O=c1ssc(Cl)c1[*:1],ZINC000001722340,1
OCC[C@H](O)[C@H](O)[*:1],ZINC000001694563,8
O=C(O)[C@@H](O)C(=O)[*:1],ZINC000100028960,2
C=C1CN[C@@H]([*:1])C1,ZINC000013526479,2
C/C(=C\[*:1])CCC=O,ZINC000014443610,7
CC1O[C@H](C)[C@@H]([*:1])O1,ZINC000006031817,2
C[C@@H](CN)C[*:1],ZINC000002041176,8
CC[C@H](CN)[*:1],ZINC000002041176,5
CC(=O)CS[*:1],ZINC000002560605,5
Cc1csc([*:1])c1,ZINC000001845884,1
C[C@H](O)CC[C@@H](O)[*:1],ZINC000015221890,6
ClCO[*:1],ZINC000070667158,2
c1cnc(NC[*:1])[cH-]1,ZINC000103531482,5
CC(C)SSC[*:1],ZINC000015204790,7
CCSSC(C)[*:1],ZINC000015204790,7
CC(=O)[C@@H](O)[C@H](O)[*:1],ZINC000001532265,5
SCC[C@H](S)CC[*:1],ZINC000003869601,10
SCC[C@H](S)C[*:1],ZINC000003869601,8
c1cc(CC[*:1])cs1,ZINC000014592849,5
CC(C)CC[C@@H](O)[*:1],ZINC000004096816,7
C=CCC(=O)C[*:1],ZINC000014614428,8
C=CCC(=O)CC[*:1],ZINC000014614428,8
N=C(N)NC[C@@H](O)[*:1],ZINC000001531050,5
NC(=O)C(=O)NC[*:1],ZINC000008299984,2
NC(=O)C(=O)N[*:1],ZINC000008299984,1
C=CC(C)(C)/C=C/[*:1],ZINC000085972551,3
O[C@@H]1[C@H](O)CC[C@@H]1[*:1],ZINC000014951522,3
O=S(=O)(O)CCN[*:1],ZINC000032840981,6
CC(=O)O[C@@H](C)O[*:1],ZINC000001685644,1
Clc1cnccc1[*:1],ZINC000952844881,1
N[C@H](C(=O)O)C(=O)[*:1],ZINC000000901672,2
CC(=O)[C@@H](C(=O)O)[*:1],ZINC000000901672,5
CC(=O)[C@H](N)[*:1],ZINC000000901672,2
C#CC#CC[C@H](O)[*:1],ZINC000014722465,3
CC(=O)C[C@@H](C)S[*:1],ZINC000033951265,7
CS[C@@H](CC(C)=O)[*:1],ZINC000033951265,8
CS[C@H](C)CC(=O)[*:1],ZINC000033951265,6
O=C(O)C(O)[*:1],ZINC000000901335,2
NC(=O)[C@@H](N)[*:1],ZINC000000057505,2
NC(=O)[C@@H](N)C[*:1],ZINC000000057505,4
CC[C@@H]1CC[C@H]([*:1])O1,ZINC000015042997,5
Cn1cnc([*:1])n1,ZINC000263585217,1
CCC(=O)O[C@H](C)[*:1],ZINC000000409239,3
O[C@H]1CCO[C@H]1[*:1],ZINC000002011323,2
C[C@@H]1OCC[C@@H]1[*:1],ZINC000002011323,2
C=C=C[C@H](C)[*:1],ZINC000001850303,2
C[C@H]1C=CC=C[C@@H]1[*:1],ZINC000085624730,1
CC[C@@H](C)[C@@H](C)[*:1],ZINC000002040185,7
C[C@@H](C(C)(C)O)[*:1],ZINC000030731581,3
C[C@H](C[*:1])C(C)(C)O,ZINC000030731581,7
O[C@H]1[C@H](O)OC[C@H]1[*:1],ZINC000004095722,2
O[C@@H]1CO[C@@H](O)[C@@H]1[*:1],ZINC000004095722,3
C1CN[C@H](C[*:1])C1,ZINC000002504856,3
COC(=O)O[*:1],ZINC000253537532,1
CC1=CC(=O)O[C@@H]1[*:1],ZINC000095909377,1
CN1CC[C@H]([*:1])C1,ZINC000049170204,3
O[C@H]1CCCC[C@H]1[*:1],ZINC000049601709,2
OC[C@@H](O)[C@@H](CO)[*:1],ZINC000000895269,9
CCC[C@@H](O)C(=O)[*:1],ZINC000001576855,6
CCCC(=O)[C@H](O)[*:1],ZINC000001576855,6
Cc1ccc([*:1])[nH]1,ZINC000001673420,1
C[C@@H](CC(C)(C)C)[*:1],ZINC000002037267,2
CC(=O)OC(=O)[*:1],ZINC000008585917,1
O=C(O)/C=C\CC[*:1],ZINC000031302473,4
O=C(O)/C=C\C[*:1],ZINC000031302473,2
CCC[N+](C)(C)[*:1],ZINC000001627227,2
CC([C@@H](C)O)[*:1],ZINC000001696686,3
C[C@H]1O[C@H]([*:1])C[C@@H]1O,ZINC000014611346,3
C[C@@H]1CN[C@@H]([*:1])C1,ZINC000001605763,3
CN[C@H](C(=O)OC)[*:1],ZINC000037447719,5
C=C/C=C(\C)[*:1],ZINC000055169533,1
C=C/C=C(\C)C[*:1],ZINC000055169533,3
C=C/C=C(\C)CC[*:1],ZINC000055169533,4
O=c1ccc([*:1])n[nH]1,ZINC000217607552,1
N=CN[*:1],ZINC000001532658,1
N=CN[C@H](C(=O)O)[*:1],ZINC000001532658,3
O=C(O)C[C@@H]1C[C@@H]1[*:1],ZINC000014439085,4
CC[C@H](CC(=O)O)[*:1],ZINC000000391783,7
C=C[C@H](C=C(C)C)[*:1],ZINC000014690794,4
CC1([*:1])CO1,ZINC000001609008,1
CC(C)CNCC[*:1],ZINC000014593080,8
CCCNCC(C)[*:1],ZINC000014593080,8
C[C@@H]1[C@H](O)OC[C@H]1[*:1],ZINC000253483956,2
C[C@H](Cl)C(=O)O[*:1],ZINC000253530288,3
CC(C)NCC[*:1],ZINC000067665433,8
OCC[C@@H](S)CC[*:1],ZINC000004271680,9
OCC[C@@H](S)C[*:1],ZINC000004271680,7
OCC[C@@H](S)[*:1],ZINC000004271680,5
CCC[C@@H](CCO)[*:1],ZINC000004271680,10
CC(N)(C(=O)O)[*:1],ZINC000000901801,1
CC(C)(N)[*:1],ZINC000000901801,1
C1=CC[C@@H]([*:1])NC1,ZINC000002555297,1
CCC(=O)CC(C)[*:1],ZINC000002034329,6
NC/C(O)=N/C[*:1],ZINC000005112515,4
Clc1ccncc1[*:1],ZINC000604381020,1
N=C(N)NC[C@H](O)[*:1],ZINC000006360529,4
OC[C@H]1CO[C@@H]([*:1])O1,ZINC000001719255,5
C[C@H]1CO[C@@H]([*:1])C1,ZINC000014724253,2
SC1=C([*:1])OCC1,ZINC000100047338,1
CCO[C@@H]([C@H](C)O)[*:1],ZINC000095911407,4
CN1C=N[C@H]([*:1])C1,ZINC000022000671,2
NC(=O)[C@@H]1C[C@H]1C[*:1],ZINC000002099836,4
NC(=O)[C@@H]1C[C@H]1[*:1],ZINC000002099836,2
O=C(O)[C@H](F)[*:1],ZINC000003634659,3
C=C[C@H](CC=O)[*:1],ZINC000001850914,5
C[S@](=O)C/C=C/[*:1],ZINC000014590128,6
CSS/C=C/C[*:1],ZINC000014590128,7
C[C@H]1N=C([*:1])[C@@H](C)O1,ZINC000029786461,1
CC1=N[C@H]([*:1])O[C@@H]1C,ZINC000029786461,2
CC1=N[C@H](C)O[C@@H]1[*:1],ZINC000029786461,2
C[C@@H](O)/C=C/CC[*:1],ZINC000001765484,7
C[C@@H](O)/C=C/C[*:1],ZINC000001765484,6
C=C(C(=O)OCC)[*:1],ZINC000100216788,5
C=C(O)[*:1],ZINC000100216788,1
C=C(O)C(=O)O[*:1],ZINC000100216788,2
C=C(O)C(=O)OC[*:1],ZINC000100216788,4
C=COC(=O)/C=C/[*:1],ZINC000015113336,3
CC[C@@H](CS)CC[*:1],ZINC000031362026,9
CC[C@@H](CS)C[*:1],ZINC000031362026,8
CC[C@@H](CS)[*:1],ZINC000031362026,7
CCCC[C@H](CS)[*:1],ZINC000031362026,9
O=C(C[*:1])OCCO,ZINC000095617631,8
O=C(OCCO)[*:1],ZINC000095617631,7
C[C@@H](S)[C@@H](O)[*:1],ZINC000004501354,3
C[C@H](O)[C@H](S)[*:1],ZINC000004501354,3
CC(C)[C@H](C)[C@@H](C)[*:1],ZINC000002040186,5
CC(=O)[C@H](S)C[*:1],ZINC000004802634,8
CC[C@@H](S)C(=O)[*:1],ZINC000004802634,7
C1=CS[C@@H]([*:1])C1,ZINC000078326740,2
C/C=C/C/C=C/[*:1],ZINC000004102315,4
C/C=C/C/C=C/C[*:1],ZINC000004102315,4
NC(=O)[C@@H]1O[C@@H]1[*:1],ZINC000004102315,2
O=C1C[C@H]([*:1])ON1,ZINC000005134905,2
CC(C)C(=O)[C@@H](O)[*:1],ZINC000014448219,5
C=C[C@@H](C)C[C@H](O)[*:1],ZINC000014448219,6
C[C@@H](O)/C=C\[*:1],ZINC000030730673,2
C[C@@H](O)/C=C\C[*:1],ZINC000030730673,6
CC(=O)/C=C(/C)[*:1],ZINC000017411343,2
CC(=O)/C=C(/C)C[*:1],ZINC000017411343,3
NCCSC[*:1],ZINC000006020913,6
C[C@@H](CSCCN)[*:1],ZINC000006020913,9
CN[C@@H](C(=O)OC)[*:1],ZINC000045502393,6
C[C@@H]1C[C@H](S)[C@H]([*:1])O1,ZINC000091297568,3
C[C@@H]1O[C@H]([*:1])C[C@@H]1S,ZINC000091297568,2
C[C@@H]1C[C@H]([*:1])[C@H](C)O1,ZINC000091297568,3
CC/C=C\[C@H](O)C[*:1],ZINC000040165197,6
PCC[*:1],ZINC000095620710,2
C[N+](C)(CCP)[*:1],ZINC000095620710,2
C[N+](C)(CCP)C[*:1],ZINC000095620710,8
C[N+](C)(CCOP)[*:1],ZINC000095620710,3
POCC[*:1],ZINC000095620710,2
POC[*:1],ZINC000095620710,1
C[C@@H](S)CC(=O)[*:1],ZINC000032165360,6
CC(=O)C[C@H](S)[*:1],ZINC000032165360,7
CCOC(C)OC[*:1],ZINC000000404268,5
CCOC(C)O[*:1],ZINC000000404268,5
CCOC(C)[*:1],ZINC000000404268,2
CS/C=C\C#CC[*:1],ZINC000014593665,6
O=C(O)C(Cl)(Cl)[*:1],ZINC000003791092,3
S[C@@H]1C=C([*:1])SC1,ZINC000060159427,2
CC1=C[C@@H]([*:1])CS1,ZINC000060159427,1
O=C[C@@H](CO)[*:1],ZINC000000895313,5
C#C[C@@](C)(O)[*:1],ZINC000001849681,1
C#C[C@@](C)(O)C[*:1],ZINC000001849681,3
C#C[C@@](C)(O)CC[*:1],ZINC000001849681,5
CNC[C@@H](C(=O)O)[*:1],ZINC000085493860,7
CCC(C=O)C[*:1],ZINC000001866965,8
CCC(C=O)[*:1],ZINC000001866965,7
CC(=O)[C@H](CO)C[*:1],ZINC000033839258,9
CC(=O)[C@H](CO)[*:1],ZINC000033839258,6
COC(=O)[C@](C)(N)[*:1],ZINC000037459658,2
NC[C@@H](N)[*:1],ZINC000019366144,3
C=C[C@H](C)C[C@H](O)[*:1],ZINC000014448216,4
COC(=O)C(=O)[*:1],ZINC000014592713,1
N#C[C@H](O)[*:1],ZINC000008100870,1
C=C/C(C)=C/CC[*:1],ZINC000033843063,7
O=C[C@H](C(=O)O)[*:1],ZINC000003581296,5
O=S(=O)(NCCO)[*:1],ZINC000040309967,7
S[C@H]1CCO[C@H]1[*:1],ZINC000004262497,2
OCCCCO[*:1],ZINC000085625582,9
C/C=C/C=C\C[*:1],ZINC000033954913,3
C/C=C/C=C\CC[*:1],ZINC000033954913,5
CCC(C[*:1])C(=O)O,ZINC000000388073,8
CCC(C(=O)O)[*:1],ZINC000000388073,7
CO[C@@H]([C@H](C)O)[*:1],ZINC000100822413,3
O=C1C=C[C@@H]([*:1])N1,ZINC000238743840,1
O=C1C=C[C@@H](O[*:1])N1,ZINC000238743840,1
O[C@@H]1C=C[C@H]([*:1])C1,ZINC000049587745,1
C[C@H]1N[C@H]([*:1])SCS1,ZINC000013460366,2
O=[N+]([O-])NCC[*:1],ZINC000005410738,4
O=C(C(Cl)(Br)Br)[*:1],ZINC000013449981,3
ClC(Br)(Br)[*:1],ZINC000013449981,1
CC(=O)C(Br)(Br)[*:1],ZINC000013449981,3
CC(=O)C(Cl)(Br)[*:1],ZINC000013449981,4
CC1=CC[C@@]2([*:1])C[C@@H]12,ZINC000085599777,1
C[C@@H](N)C(=O)NC[*:1],ZINC000001575492,4
S[C@H]1CCS[C@@H]1[*:1],ZINC000032161939,3
C[C@H]1SCC[C@@H]1[*:1],ZINC000032161939,2
OCC(CO)N[*:1],ZINC000003788703,6
CNC(=O)C(=O)N[*:1],ZINC000100790024,1
O=COCC(=O)[*:1],ZINC000038190810,3
O=COCC(=O)C[*:1],ZINC000038190810,5
C/C=C/[S@@](=O)SC[*:1],ZINC000095618262,7
C/C=C/[S@@](=O)S[*:1],ZINC000095618262,4
S[C@@H]1CCS[C@H]1[*:1],ZINC000032161941,2
COC[C@@](C)(N)[*:1],ZINC000039072874,4
Cc1c([*:1])ssc1=S,ZINC000000001852,1
C[S@@](=O)CC[C@@H](N)[*:1],ZINC000003861731,6
N#CC[C@@](O)(CO)[*:1],ZINC000257498601,7
NCCSC[C@H](N)[*:1],ZINC000005828978,10
OCC[C@@H](O)C#C[*:1],ZINC000015270333,7
CSS[C@H](C[*:1])SC,ZINC000014590130,9
CSS[C@@H](SC)[*:1],ZINC000014590130,8
CC[C@@H](SSC)S[*:1],ZINC000014590130,9
CC(=O)COC(=O)[*:1],ZINC000001640814,4
O[C@H](CCl)[C@H](O)[*:1],ZINC000015112863,6
OC(=S)[*:1],ZINC000030724274,1
Cc1nc([*:1])no1,ZINC000096297072,1
CCC/C=C\C=C/[*:1],ZINC000014614339,5
C[C@@H]1C[C@](C)([*:1])CO1,ZINC000006031585,2
CC(=O)CN[*:1],ZINC000150347648,3
CC(=O)OC(C)[*:1],ZINC000000388088,1
N[C@H](CC(=O)O)C[*:1],ZINC000000895524,6
C[C@H](N)C[C@H](N)[*:1],ZINC000000895524,6
C[C@H](N)C[C@H](N)C[*:1],ZINC000000895524,7
CC(CN)[*:1],ZINC000004658586,2
O=CCC/C=C\C[*:1],ZINC000004538403,9
C[C@@H](NS(C)(=O)=O)[*:1],ZINC000096296870,2
C=CC[C@H](C(=O)O)[*:1],ZINC000005841914,6
C=CC[C@@H](CCC)[*:1],ZINC000005841914,9
C[C@H](O)[C@@H](O)[C@H](O)[*:1],ZINC000000895418,6
OCCCO[C@@H](O)[*:1],ZINC000085596898,6
C[C@@H](CCCCO)[*:1],ZINC000004528636,9
C1=C[C@H]2O[C@H]2C=C1[*:1],ZINC000005133103,1
C[C@@H]1OCC[C@@H]([*:1])O1,ZINC000038251275,2
CC[C@H](OC(C)C)[*:1],ZINC000002109867,3
C[n+]1ccc([*:1])cc1,ZINC000003861781,1
O=C(OO)[*:1],ZINC000038141555,1
CC(C)CCOC[*:1],ZINC000002534689,10
C/N=C(\C)[*:1],ZINC000100312054,1
C[C@@H]1OC[C@@H]([*:1])O1,ZINC000006031296,2
CN(C)C(=N)N[*:1],ZINC000001529718,2
CN(C)C(=N)NC[*:1],ZINC000001529718,6
O=C1OC[C@@H]([*:1])[C@H]1O,ZINC000004521480,2
O=C1OC[C@@H](O)[C@H]1[*:1],ZINC000004521480,3
O=C(O)[C@@H]1O[C@H]1[*:1],ZINC000034499762,1
C[C@@H]([C@@H](O)C(=O)O)[*:1],ZINC000005922661,3
C[C@@H](C(=O)O)[C@@H](O)[*:1],ZINC000006036974,7
CNC[C@H](O)[C@@H](O)[*:1],ZINC000002020259,7
C[C@@](O)(CCO)[*:1],ZINC000000895221,6
C[C@@](O)(CCO)C[*:1],ZINC000000895221,7
CC(C)[C@@H](O)C(=O)[*:1],ZINC000100823572,5
C[C@H](O)[C@H](CO)[*:1],ZINC000002037828,6
C[C@H](O)[C@@H](O)C[*:1],ZINC000002037828,4
CS[S@](=O)/C=C\[*:1],ZINC000014590137,6
C/C=C\[S@@](=O)S[*:1],ZINC000014590137,6
C/C(C[*:1])=N\O,ZINC000096448083,3
C/C=C/SS[C@H](C)[*:1],ZINC000014593075,10
CC1(C)[C@@H]([*:1])C1(Cl)Cl,ZINC000252694795,1
C=C[C@H](C(=C)C)[*:1],ZINC000014583973,6
CC(CO)[*:1],ZINC000001687155,2
ClC1([*:1])CO1,ZINC000005133273,2
OC[C@@H](O)/C=C/[*:1],ZINC000014771500,4
CC[C@@H](O)[C@@H](O)C[*:1],ZINC000027645250,7
CC[C@@H](O)C(=O)[*:1],ZINC000001849914,6
CC1=CCO[C@H]([*:1])C1,ZINC000005457464,2
C(=C\[*:1])/c1c[nH]cn1,ZINC000034633903,2
CC(C)CCCN[*:1],ZINC000085595929,8
C[C@@H](C(=O)O)[C@H](O)[*:1],ZINC000006036909,5
C[C@H]([C@@H](C)C(=O)O)[*:1],ZINC000006036909,5
OCC[C@@H](O)/C=C/[*:1],ZINC000014722383,7
C[N+]1([O-])CCC[C@@H]1[*:1],ZINC000013282550,3
CC(C)CC(O)C[*:1],ZINC000001691303,8
CC(C)CC(O)[*:1],ZINC000001691303,8
OCCCS[*:1],ZINC000001641187,9
O=C/C=C/C/C=C\[*:1],ZINC000080926862,6
CCCC#CC[*:1],ZINC000032226451,5
CCCC#CCC[*:1],ZINC000032226451,4
C=C(C)[C@@H](O)[C@H](O)[*:1],ZINC000001755668,8
c1c[nH]c(CN[*:1])n1,ZINC000077265286,3
O=[S@@]1C[C@H]([*:1])CS1,ZINC000015122253,2
C[C@H]1CNC([*:1])=N1,ZINC000002510102,1
CC1=N[C@@H]([*:1])CN1,ZINC000002510102,1
N=C(N[N+](=O)[O-])N[*:1],ZINC000253387756,3
OC1=CS[C@@H]([*:1])[C@H]1S,ZINC000100828530,2
C[C@@H]1SC=C([*:1])[C@@H]1S,ZINC000100828530,2
C[C@@H]1SC=C(O)[C@@H]1[*:1],ZINC000100828530,2
C=CCS/C=C/C[*:1],ZINC000070455098,9
C=CCS/C=C/[*:1],ZINC000070455098,6
CNC[C@H](OC)[*:1],ZINC000014719170,4
O=C1OCCC[C@H]1[*:1],ZINC000005839582,3
O=S(=O)(O)N[*:1],ZINC000004095529,1
C[C@H](O)/C=C/CC[*:1],ZINC000001765488,7
C[C@H](O)/C=C/C[*:1],ZINC000001765488,4
CC(C)COC[*:1],ZINC000012384709,7
CCNC(=O)C[*:1],ZINC000002046330,3
CCNC(=O)CC[*:1],ZINC000002046330,5
Cn1cc(I)c([*:1])n1,ZINC000033355952,1
C1CC[C@@]2([*:1])O[C@@H]2C1,ZINC000256009346,1
NC[C@@H](C(=O)O)[*:1],ZINC000000895531,7
O[C@H]1CCN[C@H]1[*:1],ZINC000002516853,2
C[C@H]1N=C([*:1])[C@@H](C)S1,ZINC000031500674,2
CC1=N[C@H](C)S[C@@H]1[*:1],ZINC000031500674,2
CC(=O)[C@@H](CO)C[*:1],ZINC000001850313,8
CC(=O)[C@@H](CO)[*:1],ZINC000001850313,5
CCCC(=O)C(=O)[*:1],ZINC000001663923,5
C[C@H]1S[C@H]1[*:1],ZINC000005736045,1
C=C(C(=O)COC)[*:1],ZINC000014490101,5
C=C(CC)C(=O)[*:1],ZINC000014490101,4
C=C(CC)C(=O)C[*:1],ZINC000014490101,4
CC(=O)CCC(C)[*:1],ZINC000002041073,8
CC[C@@](C)(O)[C@@H](O)[*:1],ZINC000000895982,5
OC[C@@H]1CN[C@@H]([*:1])C1,ZINC000002385617,4
C/C(=C\S)C[*:1],ZINC000100828987,3
C/C(=C\S)[*:1],ZINC000100828987,1
CC/C(=C/S)[*:1],ZINC000100828987,3
O[C@@H](CCS)[*:1],ZINC000004533097,7
CC(C)=CCS[*:1],ZINC000019440143,5
CC(C)=CCSC[*:1],ZINC000019440143,7
O=C(O)/C=C\C(=O)[*:1],ZINC000030320937,2
CC(C)[C@H](C=O)[*:1],ZINC000032006111,4
N=C(O)N[C@@H](O)[*:1],ZINC000094437740,3
CSS/C=C\C[*:1],ZINC000033830680,7
C/C=C/S[C@@H](CC)[*:1],ZINC000014680306,8
COC(=O)C(=O)N[*:1],ZINC000067890189,2
O[C@H]1CCS[C@H]1[*:1],ZINC000014724330,2
S[C@@H]1CCC[C@@H]([*:1])C1,ZINC000026515305,2
CCCC(=O)CC[*:1],ZINC000001648177,6
CC(C(=O)O)[*:1],ZINC000000901289,2
CC[C@H](O)C(=O)[*:1],ZINC000001849913,5
C[C@H](O)C(=O)OC[*:1],ZINC000014507033,4
S=C1N[C@@H]([*:1])CS1,ZINC000005134857,2
C[C@@H]1N=C([*:1])[C@@H](C)O1,ZINC000029786463,2
CC1=N[C@@H]([*:1])O[C@@H]1C,ZINC000029786463,1
CC1=N[C@@H](C)O[C@@H]1[*:1],ZINC000029786463,1
CC(COC=O)[*:1],ZINC000001867146,6
C[C@H]1C=CC([*:1])=CC1,ZINC000059587954,1
CCC[S@](=O)C[*:1],ZINC000005543439,5
O=C1CCC[C@@H]([*:1])C1,ZINC000003860606,2
CC[C@H](C)OC[*:1],ZINC000002035951,5
CCO[C@H](CC)[*:1],ZINC000002035951,4
CCO[C@@H](C)C[*:1],ZINC000002035951,5
Cc1[nH]nc(O)c1[*:1],ZINC000085879746,1
O[C@H]1CC[C@H](C[*:1])C1,ZINC000034206596,2
O[C@H]1CC[C@H]([*:1])C1,ZINC000034206596,2
OC[C@H]1CC[C@H]([*:1])C1,ZINC000034206596,4
C[C@@H]1OCC[C@H]([*:1])O1,ZINC000038251276,2
SC[C@@H](S)C[*:1],ZINC000005298876,5
CC[C@H](S)C[*:1],ZINC000005298876,4
CC1([*:1])CCCC1,ZINC000085629236,1
CC1(C[*:1])CCCC1,ZINC000085629236,3
C/C=C\CCCC[*:1],ZINC000044709727,10
O[C@H]1C=CO[C@@H]([*:1])C1,ZINC000085544851,3
SCC(CS)[*:1],ZINC000000902039,5
O=C(O)C(CS)[*:1],ZINC000000902039,7
O=C(O)C(CS)C[*:1],ZINC000000902039,8
C[C@H]([C@@H](O)C(=O)O)[*:1],ZINC000001695857,3
CCC(C)(O)[*:1],ZINC000001481970,3
C=C[C@@H](CCC)[*:1],ZINC000001575584,6
C[C@H]1O[C@@H]([*:1])C[C@H]1S,ZINC000100372229,2
C[C@H]1C[C@@H]([*:1])[C@@H](C)O1,ZINC000100372229,2
C[C@H]1C[C@@H](S)[C@@H]([*:1])O1,ZINC000100372229,2
C[C@@H](O)CC[C@@H](O)[*:1],ZINC000015221887,9
C[C@H](NC(N)=O)[*:1],ZINC000029566459,1
O=C(O)[C@H](S)[*:1],ZINC000003860782,3
C=C[C@H](O)C/C=C/[*:1],ZINC000003630810,6
CC[C@@H](C)[C@H](NC)[*:1],ZINC000100772952,7
C[C@H](CO)[C@H](S)C[*:1],ZINC000014589117,9
C[C@H](CO)[C@H](S)[*:1],ZINC000014589117,7
CC[C@H]([C@H](C)CO)[*:1],ZINC000014589117,9
CC[C@@H](S)[C@@H](CO)[*:1],ZINC000014589117,9
CC[C@@H](S)[C@H](C)[*:1],ZINC000014589117,5
CC[C@@H](S)[C@H](C)C[*:1],ZINC000014589117,8
C[C@H](CS)C[*:1],ZINC000003861378,5
C[C@H](CS)[*:1],ZINC000003861378,2
O=C1C=C/C(=C\[*:1])O1,ZINC000001586250,1
C=C1C[C@H]1C[C@@H](N)[*:1],ZINC000003876011,4
CC(C)C[C@H](CO)[*:1],ZINC000225400749,7
CCNC(=O)/C=C/[*:1],ZINC000095618208,6
CCCC[C@@H](NC)[*:1],ZINC000004024164,10
O[C@H]1C=N[C@@H]([*:1])C1,ZINC000001529905,2
CC1([*:1])CCCCC1,ZINC000000050961,1
C/C(=N\NC(N)=S)[*:1],ZINC000253499392,2
PC[C@H](P)[*:1],ZINC000095618404,3
O=C1C[C@]2([*:1])O[C@@H]2O1,ZINC000095911298,2
C=CC[C@H](C=O)[*:1],ZINC000038611874,6
C[C@H](N)/C(O)=N/[*:1],ZINC000094437882,3
C[C@H]1[C@H](O)OC[C@H]1[*:1],ZINC000103200603,3
O=C(O)OC[*:1],ZINC000005856362,3
O=C(O)O[*:1],ZINC000005856362,1
CC(/C=C\[*:1])=C\CO,ZINC000012496764,3
C1CC[C@@H](C[*:1])OC1,ZINC000001104491,5
CC[C@@H](CO)[*:1],ZINC000012661696,5
CC[C@@H](CO)N[*:1],ZINC000012661696,8
CC[C@@H](CO)NC[*:1],ZINC000012661696,8
c1snnc1[*:1],ZINC000011914933,1
CSS[C@H]([S@@](C)=O)[*:1],ZINC000014590132,8
NC(=O)[C@@H](O)[*:1],ZINC000013341229,2
NC(=O)[C@@H](O)C[*:1],ZINC000013341229,6
COC(C)(C)[C@H](O)[*:1],ZINC000014587270,7
CC[C@H](C)[C@H](C)C[*:1],ZINC000001606156,7
CC[C@H](C)[C@H](C)[*:1],ZINC000001606156,6
CC[C@@H](C)[C@@H](C)C[*:1],ZINC000001606159,8
CC/C=C(\C(=O)O)[*:1],ZINC000014592829,2
C/C=C\SS/C=C\[*:1],ZINC000015122079,5
CCN(CCO)C[*:1],ZINC000000388479,10
CCN(CCO)[*:1],ZINC000000388479,7
O=C1C=CC[C@@H]([*:1])O1,ZINC000059727289,2
CC1(C)O[C@@H]1CC[*:1],ZINC000013376492,5
C[C@H](CO)CCO[*:1],ZINC000014504835,9
O[C@@H](SC[*:1])C(Cl)Cl,ZINC000030728737,8
O[C@@H](S[*:1])C(Cl)Cl,ZINC000030728737,6
CC(C)(C=O)C[*:1],ZINC000013398301,6
O=C(O)/C=C\C=C/[*:1],ZINC000012405128,1
C=C(C)O[*:1],ZINC000095919083,3
CO[C@@H]1C[C@@H]([*:1])CO1,ZINC000523042001,3
OCC[C@@H](O)[C@@H](O)[*:1],ZINC000001694566,7
CSCCC[C@@H](N)[*:1],ZINC000002585940,10
O=C1CC[C@@H](O[*:1])O1,ZINC000005765982,2
O=NOCCC[*:1],ZINC000004262304,6
O=NOCC[*:1],ZINC000004262304,4
COC(OC)[C@H](C)[*:1],ZINC000000389504,3
C[C@@H]1C=CC([*:1])=CC1,ZINC000086034091,1
C[C@@H]1N=C([*:1])[C@H](C)S1,ZINC000031500671,2
CC1=N[C@@H](C)S[C@H]1[*:1],ZINC000031500671,2
CSCS[*:1],ZINC000001621620,4
O=CN[C@@H](CO)C[*:1],ZINC000015248708,7
C[C@H]1[C@H]([*:1])CC[C@@H]1C,ZINC000085947594,1
O=C1CC[C@@H](O[*:1])N1,ZINC000005998163,1
C[C@H](S)[C@@H](O)[*:1],ZINC000004501356,3
C[C@H](O)[C@@H](S)[*:1],ZINC000004501356,3
C[N+](C)(C)C[C@H](O)[*:1],ZINC000002097440,3
C/C=C(\CCCC)[*:1],ZINC000038611896,5
C/C=C(/C=O)C[*:1],ZINC000038611896,6
C/C=C(/C=O)CC[*:1],ZINC000038611896,7
NCCSC[C@@H](N)[*:1],ZINC000005828986,10
O=C1CCC([*:1])CC1,ZINC000003861284,2
C[C@H](S)CC(=O)[*:1],ZINC000032165362,5
CC(=O)C[C@@H](S)[*:1],ZINC000032165362,5
CC(=O)[C@@H](C)O[*:1],ZINC000002090829,2
N[C@@H](CCC=O)[*:1],ZINC000001532877,5
C[C@@H]1O[C@@H](C)N=C1[*:1],ZINC000029786458,2
CC1=N[C@H]([*:1])O[C@H]1C,ZINC000029786458,2
CC1=N[C@H](C)O[C@H]1[*:1],ZINC000029786458,2
Clc1ncn([*:1])c1Cl,ZINC000218077938,1
CC[C@H](S)S[C@@H](S)[*:1],ZINC000095620582,9
C=C1CC=C([*:1])CC1,ZINC000001847929,2
COC(=O)/C(C)=C/[*:1],ZINC000033830181,2
OC1([*:1])CCNCC1,ZINC000225475450,2
O=C1CCC/C1=C/[*:1],ZINC000002166787,1
C[C@H]1OC([*:1])=CC1=O,ZINC000000164379,1
CCS[C@H](CC)[*:1],ZINC000015204732,8
C=C(C)[C@](C)(CC)[*:1],ZINC000038876383,6
ClC1(Cl)C[C@@H]1[*:1],ZINC000079191007,1
N#CCCNC(=O)[*:1],ZINC000001530351,6
C/C=C\S[S@](=O)C[*:1],ZINC000014679892,8
C/C=C\S[S@](=O)[*:1],ZINC000014679892,5
S=C(NC1CC1)N[*:1],ZINC000008300492,5
C[C@@H](O)[C@H](O)[C@@H](O)[*:1],ZINC000012502019,5
C[C@@H]1CO[C@@](C)([*:1])O1,ZINC000006031292,2
OCCCC/C=C/[*:1],ZINC000071791185,8
C[C@H]([C@@H](C)C=S=O)[*:1],ZINC000015119532,6
C[C@@H](C=S=O)[*:1],ZINC000015119532,3
C[C@H]1OC[C@H]([*:1])O1,ZINC000006037891,2
O=NN1CCC[C@@H]1[*:1],ZINC000005420993,2
C[C@@H]1SS[C@@H](C[*:1])S1,ZINC000095620584,5
C[C@@H]1SS[C@@H]([*:1])S1,ZINC000095620584,1
C=CCSSSS[*:1],ZINC000001841213,9
CC[S@@](=O)C[C@H](N)[*:1],ZINC000005955660,8
C=C(C)CNC(=O)[*:1],ZINC000033830584,5
CC(=O)O/N=C(/C)[*:1],ZINC000005225389,3
C[C@@H](S)[C@@H](C)S[*:1],ZINC000212553784,6
CC(=O)C[C@@](C)(O)[*:1],ZINC000248289417,4
CC[C@@H](C)[C@H](C)[*:1],ZINC000002040187,6
CNCCCC[*:1],ZINC000001529509,9
C[C@H](CSCCN)[*:1],ZINC000006036730,9
C[N+](C)([O-])[*:1],ZINC000000895523,1
C[C@@H](CNC(=N)O)[*:1],ZINC000094437770,6
NC1([*:1])COC1,ZINC000096296166,1
NC1(C[*:1])COC1,ZINC000096296166,2
CC(CO)(CO)N[*:1],ZINC000004040925,6
CC(CO)(CO)[*:1],ZINC000004040925,4
CC[C@H](O)C[C@H](O)[*:1],ZINC000085589602,9
O/C(C[*:1])=N\CCS,ZINC000012495122,6
O/C(=N\CCS)[*:1],ZINC000012495122,5
Cc1cc(O)c([*:1])s1,ZINC000039070276,1
O=C1OC[C@H]([*:1])[C@H]1O,ZINC000100054128,2
O=C1OC[C@H](O)[C@H]1[*:1],ZINC000100054128,2
C[C@@H](C=S=O)[C@H](C)[*:1],ZINC000015119534,5
O=C(O)/C=C/C(=O)[*:1],ZINC000030320946,2
C/C=C(C)/C=C/[*:1],ZINC000085759858,1
CNCC(=O)O[*:1],ZINC000085596794,4
C[C@H](C=O)[C@H](S)C[*:1],ZINC000032165381,6
C[C@H](C=O)[C@H](S)[*:1],ZINC000032165381,5
CC[C@H]([C@H](C)C=O)[*:1],ZINC000032165381,6
CC[C@@H](S)[C@@H](C=O)[*:1],ZINC000032165381,6
C[C@H](N1CCCC1)[*:1],ZINC000082946719,3
O=C(O)C[C@H]1C[C@@H]1[*:1],ZINC000014439082,4
CCSS[C@H](SC)[*:1],ZINC000015204794,10
C=C(C)[C@H](CO)[*:1],ZINC000001846610,4
C=C(C)[C@H](CO)C[*:1],ZINC000001846610,7
Oc1cc(C[*:1])on1,ZINC000022064260,2
Oc1cc([*:1])on1,ZINC000022064260,1
NCc1cc([*:1])no1,ZINC000022064260,2
C/C=C/S[S@](=O)C[*:1],ZINC000039017408,7
C/C=C/S[S@](=O)[*:1],ZINC000039017408,7
CC([C@@H](C)S)[*:1],ZINC000004802645,3
CC(C)[C@H](S)[*:1],ZINC000004802645,3
O=C1O[C@H](O)C=C1[*:1],ZINC000523041490,1
O=C(O)[C@H]1O[C@H]1[*:1],ZINC000034499768,1
O=CN[C@@H](C(=O)O)[*:1],ZINC000001742333,1
C1C[C@@H]([*:1])N1,ZINC000001698540,1
C[C@@H]([C@@H](O)[*:1])N(C)C,ZINC000003874419,7
O[C@@H]1CCN(C[*:1])C1,ZINC000225465068,3
O[C@@H]1CCN([*:1])C1,ZINC000225465068,2
CC1=CCO[C@H]1C[*:1],ZINC000034648813,2
CC1=CCO[C@H]1[*:1],ZINC000034648813,2
O=S(=O)(O)SCC[*:1],ZINC000019898108,6
O=S(=O)(O)SC[*:1],ZINC000019898108,3
O=S(=O)(O)S[*:1],ZINC000019898108,1
C[C@H](O)CNCN[*:1],ZINC000150343106,9
N[C@H](CCCC=O)[*:1],ZINC000001529205,8
CC(C)(C)C(=O)C[*:1],ZINC000000486073,3
CC(C)(C)C(=O)[*:1],ZINC000000486073,1
C/C=C(/C)C[*:1],ZINC000014591971,3
C/C=C(/C)CC[*:1],ZINC000014591971,6
OC1=CS[C@@H]([*:1])[C@@H]1S,ZINC000100828533,2
C[C@@H]1SC=C([*:1])[C@H]1S,ZINC000100828533,2
C[C@@H]1SC=C(O)[C@H]1[*:1],ZINC000100828533,2
C[C@@H](CC(C)(C)O)[*:1],ZINC000034329975,6
O=C(O)C[C@@H]1C[C@H]1[*:1],ZINC000014439083,4
C1=CS[C@H]([*:1])SC1,ZINC000005157981,2
C/C=C\S[C@H](CC)[*:1],ZINC000014679899,8
CSCCC[C@H](N)[*:1],ZINC000002585939,10
N=C(O)C[*:1],ZINC000039818922,2
CCC(CO)(CO)[*:1],ZINC000012894655,8
C=C(/C=C\C=O)[*:1],ZINC000086051010,2
C=C(/C=C\C=O)C[*:1],ZINC000086051010,5
CCC/C=C\CC[*:1],ZINC000015149668,8
C[C@@H]1CO[C@@H]([*:1])C1,ZINC000014724251,2
C[S@@](=O)S/C=C\[*:1],ZINC000004862377,7
c1cc(S[*:1])cs1,ZINC000000161206,3
C[C@H](N)C(=O)NC[*:1],ZINC000001888744,4
CSC[C@@H](O)[*:1],ZINC000001529999,5
CSC[C@@H](O)[C@@H](O)[*:1],ZINC000001529999,7
CCOC(=O)N(C)[*:1],ZINC000002105614,3
C=C[C@@H](C=C(C)C)[*:1],ZINC000014592353,4
O=C(O)[C@@H]1C[C@H]1[*:1],ZINC000002559032,1
C=C(O[*:1])C(=O)OC,ZINC000103395553,3
S=C1NCC/C1=C/[*:1],ZINC000014685162,2
C=C(CCl)[*:1],ZINC000014689019,3
CCCC(=O)NC[*:1],ZINC000005509432,6
CC(C)C/C=C/[*:1],ZINC000005359455,3
S[C@@H]1CCS[C@@H]1[*:1],ZINC000032161943,2
C[C@@H]([N+](=O)[O-])[*:1],ZINC000020410813,2
O[C@H](SC[*:1])C(Cl)Cl,ZINC000030728733,7
O[C@H](S[*:1])C(Cl)Cl,ZINC000030728733,5
O[C@@H](C(Cl)Cl)[*:1],ZINC000030728733,3
CC(=O)N[C@H](CO)[*:1],ZINC000015248714,3
C/C(Cl)=C\[*:1],ZINC000033151413,1
C/C(Cl)=C\C[*:1],ZINC000033151413,3
CCCC[C@@H](C=O)[*:1],ZINC000005821996,7
O/C=N/[*:1],ZINC000008220068,1
O[C@@H](CS)[C@H](CS)[*:1],ZINC000000895149,6
O[C@H]([C@@H](O)CS)[*:1],ZINC000000895149,5
O[C@@H](CS)[C@@H](O)C[*:1],ZINC000000895149,8
C/C(=N\NC(N)=O)[*:1],ZINC000004024596,2
C[C@H](OC=O)[*:1],ZINC000006437474,1
CC(=O)C[N+](C)(C)[*:1],ZINC000001736015,1
O=C1C=C[C@H](C[*:1])O1,ZINC000005513439,3
NCC(=O)OC(=O)[*:1],ZINC000095620827,2
C1CC1N[*:1],ZINC000000001239,3
O=C1CSC([*:1])=C1O,ZINC000095618366,2
CC1=C([*:1])C(=O)CS1,ZINC000095618366,1
c1cc(O[*:1])ccn1,ZINC000044857420,1
C/C=C(/CCNC)[*:1],ZINC000150346418,7
C[C@H](N)C(=O)C[*:1],ZINC000001532843,4
C[C@H](N)C(=O)CC[*:1],ZINC000001532843,6
C/C=C\CC/C=C\[*:1],ZINC000013433448,5
C/C=C/SC[C@H](N)[*:1],ZINC000059704678,5
C[S@+](CCCN)[*:1],ZINC000004095558,8
C[S@+](CCCN)C[*:1],ZINC000004095558,10
CC(=O)[C@@H]1O[C@]1(O)[*:1],ZINC000013397678,2
FC(F)(Cl)C(F)(F)[*:1],ZINC000042804200,3
FC(F)(F)C(F)(Cl)[*:1],ZINC000042804200,2
O=CCCNC(=O)[*:1],ZINC000013542048,7
C[C@H]1CO[C@H]([*:1])C1,ZINC000014724257,3
CC[S@](=O)C[C@H](N)[*:1],ZINC000005955801,7
CCC[C@@H](N)[*:1],ZINC000000391822,5
CC[C@@H]1O[C@@H]1/C=C/[*:1],ZINC000031543291,3
C[C@@H]([N+](C)(C)C)[*:1],ZINC000100757758,1
CC[C@H](C=O)[*:1],ZINC000000901301,5
CSCSCS[*:1],ZINC000001658753,9
CSCSC[*:1],ZINC000001658753,6
C=CC[S@@](=O)SC[*:1],ZINC000001530846,6
C=CCS[S@](=O)C[*:1],ZINC000001530846,8
C[S@](=O)CC[C@H](N)[*:1],ZINC000001529567,6
CC[C@H](C)SS[*:1],ZINC000014593076,7
C/C=C/SS[C@@H](C)[*:1],ZINC000014593076,8
CC([C@@H](O)C(=O)O)[*:1],ZINC000000389854,2
CC/C=C(/C(=O)O)[*:1],ZINC000022066124,3
CC/C=C(\CCC)[*:1],ZINC000022066124,8
C[N@@+]1([O-])CCC[C@H]1[*:1],ZINC000242649149,2
CNCC[C@H](C)[*:1],ZINC000085491422,5
CNCC[C@H](C)C[*:1],ZINC000085491422,9
C#Cc1ccc([*:1])s1,ZINC000005158122,1
N=C(O)[C@@H](O)[*:1],ZINC000014453730,2
N=C(O)[C@@H](O)C[*:1],ZINC000014453730,7
C[C@@H](CCO)SC[*:1],ZINC000083812291,8
C[C@@H](CCO)S[*:1],ZINC000083812291,9
CCS[C@H](CCO)[*:1],ZINC000083812291,10
CCS[C@@H](C)C[*:1],ZINC000083812291,6
CCS[C@@H](C)CC[*:1],ZINC000083812291,9
C/C(=C\[*:1])C(C)(C)O,ZINC000618005568,3
O=C[C@H](CO)[*:1],ZINC000000901286,4
C[C@H](O)C#CC#C[*:1],ZINC000003874274,1
C=C(C)C#C[*:1],ZINC000055243433,1
C=C(C)C#CC[*:1],ZINC000055243433,3
SC(S)[*:1],ZINC000078566363,1
CC(S)[*:1],ZINC000078566363,1
OCCCCS[*:1],ZINC000002242704,10
CC([C@H](S)CO)[*:1],ZINC000034257026,3
OC[C@@H](S)[*:1],ZINC000034257026,3
CC(C)[C@H](S)C[*:1],ZINC000034257026,8
CC(CCC(=O)O)[*:1],ZINC000000391113,6
CN(CCC#N)C[*:1],ZINC000030882912,7
CN(CCC#N)[*:1],ZINC000030882912,3
N[C@@H](CS)C(=O)O[*:1],ZINC000019943814,6
Cc1ccoc1[*:1],ZINC000013306796,1
C[C@]1([*:1])NCCO1,ZINC000105689202,1
C[C@H](C[C@H](C)O)C[*:1],ZINC000005841345,7
C[C@H](O)C[C@@H](C)[*:1],ZINC000005841345,4
CC[C@@H](CO)CC[*:1],ZINC000001529451,9
CC[C@@H](CO)C[*:1],ZINC000001529451,8
C/C=C\[S@](=O)SC[*:1],ZINC000014679895,8
O=C1C=C[C@H]([*:1])CC1,ZINC000005761194,2
C[S@](=O)CC[C@@H](N)[*:1],ZINC000001666580,6
NC1([*:1])CCCCC1,ZINC000000116197,2
C[C@H](O)/C=C\[*:1],ZINC000031484864,2
O=CCCC(=O)C[*:1],ZINC000005820095,8
O=CCCC(=O)[*:1],ZINC000005820095,6
C[C@@H](CS)C[*:1],ZINC000003861377,6
COC(=O)[C@H](SC)[*:1],ZINC000000409387,4
c1ncc([*:1])s1,ZINC000002563976,1
O[C@@H]1C[C@@H](O)[C@H]([*:1])O1,ZINC000005600727,3
CO[S@@](=O)C[*:1],ZINC000523041457,5
CO[S@@](=O)[*:1],ZINC000523041457,3
O=C(O)[C@@H](CO)C[*:1],ZINC000005925699,8
C/C=C(/C(=O)O)[*:1],ZINC000000897443,1
C[C@@H]1SS[C@H](C[*:1])S1,ZINC000095620583,5
C[C@@H]1SS[C@H]([*:1])S1,ZINC000095620583,2
CC(C)=CCN[*:1],ZINC000000057125,5
O=C(O)/C=C\C=C\[*:1],ZINC000014722288,1
CC(c1ccco1)[*:1],ZINC000038886594,1
O=C(SCF)[*:1],ZINC000012496510,5
FC[*:1],ZINC000012496510,1
C1CS[C@@H]([*:1])C1,ZINC000032163941,2
C[C@@H]1O[C@@H]([*:1])C[C@@H]1O,ZINC000008584727,3
NC[C@H](O)C[*:1],ZINC000001719890,5
NC[C@H](O)CC[*:1],ZINC000001719890,7
C[C@H](O)[C@@H](C)S[*:1],ZINC000005298936,5
CC[C@@H]1O[C@@H]1C#C[*:1],ZINC000014884851,2
CC(/C=C\C=O)[*:1],ZINC000017284647,4
C=C(CCN)[*:1],ZINC000013354880,6
C=C(CC[*:1])C(=O)O,ZINC000013354880,6
C=CCSS/C=C/[*:1],ZINC000014593405,7
CCOC(=O)C(C)[*:1],ZINC000000391109,5
C1CC[C@]2([*:1])O[C@@H]2C1,ZINC000256009345,1
C=CCC/C=C\[*:1],ZINC000085976754,6
C=CCC/C=C\C[*:1],ZINC000085976754,9
CC1=C([*:1])CCC1=O,ZINC000038611148,1
O=C(O[*:1])C(Cl)(Cl)Cl,ZINC000004028682,1
CC(=O)[C@@H]1O[C@@]1(O)[*:1],ZINC000013397681,2
NN1CCC[C@H]1[*:1],ZINC000019168366,3
c1nncn1[*:1],ZINC000230206552,1
CC[C@@H](S)SCC[*:1],ZINC000095620549,10
CC[C@@H](S)SC[*:1],ZINC000095620549,9
CCCS[C@H](S)[*:1],ZINC000095620549,9
CCCS[C@H](S)C[*:1],ZINC000095620549,7
CC[C@@H](C)[C@H](C)C[*:1],ZINC000001606158,8
NCC(=O)OC[*:1],ZINC000034676246,5
O=COC/C=C/C[*:1],ZINC000002575440,7
O=COC/C=C/[*:1],ZINC000002575440,5
C[C@@](O)(CO)[C@H](O)[*:1],ZINC000257392417,6
C/C(=C/C(Cl)Cl)[*:1],ZINC000085952131,4
C[C@@](Cl)(/C=C/[*:1])CBr,ZINC000085952131,3
C[C@](Cl)(CBr)[*:1],ZINC000085952131,3
CO[S@](=O)[*:1],ZINC000013379088,3
COCCCNC[*:1],ZINC000012659984,9
NC(=O)C#C[*:1],ZINC000005722724,1
NC(=O)C#CC#C[*:1],ZINC000005722724,1
C[C@H](CCO)SC[*:1],ZINC000083812292,9
C[C@H](CCO)S[*:1],ZINC000083812292,5
CCS[C@@H](CCO)[*:1],ZINC000083812292,10
CCS[C@H](C)C[*:1],ZINC000083812292,5
CCS[C@H](C)CC[*:1],ZINC000083812292,9
O=[S@]1C[C@H]([*:1])CS1,ZINC000015122251,2
CC(OC=O)[*:1],ZINC000002031649,1
CSSSSC[*:1],ZINC000014590143,6
C/C=C/[C@H](O)C[*:1],ZINC000001609512,5
C/C=C/[C@H](O)CC[*:1],ZINC000001609512,6
C[C@H](C(=O)O)C(=O)[*:1],ZINC000005818690,7
O=C1CSC([*:1])=C1S,ZINC000100828565,2
CC(C)C(=O)C(C)[*:1],ZINC000001653137,5
CC(C)CC[C@H](C)[*:1],ZINC000085646755,6
C/C=C\SC[C@H](N)[*:1],ZINC000014680218,8
O[C@H]1[C@H](O)CN[C@@H]1[*:1],ZINC000001492250,2
COC(=O)[C@@H](CO)[*:1],ZINC000100823848,5
O=CCCC#C[*:1],ZINC000014772029,5
C/C(C=O)=C/O[*:1],ZINC000070455339,4
O=C/C=C\CCC[*:1],ZINC000070450810,9
OCC1([*:1])CCCC1,ZINC000085596692,3
C[S+](C)C[*:1],ZINC000004096040,2
C[S+](C)CC[*:1],ZINC000004096040,3
C[S+](C)CC[C@H](N)[*:1],ZINC000004096040,8
C[C@@H](O)CNC[*:1],ZINC000008764700,9
O[C@H]1[C@H]([*:1])NC[C@@H]1O,ZINC000001492251,2
C=C[C@H](CC)[*:1],ZINC000002034403,5
C=CCSC(=O)[*:1],ZINC000014438524,6
C=CCSC(=O)C[*:1],ZINC000014438524,7
C[S@@](=O)C/C=C/[*:1],ZINC000014590127,6
O=C(C(Cl)(Cl)Cl)[*:1],ZINC000003860474,1
C[C@H](S)CCCC[*:1],ZINC000015272295,8
C[C@H](S)CCC[*:1],ZINC000015272295,5
O=c1cccc([*:1])o1,ZINC000001663619,1
CC([C@H](C)S)[*:1],ZINC000004802650,3
N[C@H]([C@@H](O)CO)[*:1],ZINC000013351025,8
C=CC(C)(C)C[*:1],ZINC000014591306,5
C=CC(C)(C)CC[*:1],ZINC000014591306,8
CCCC[N+](C)(C)[*:1],ZINC000004073256,4
CC(C)SC(=O)[*:1],ZINC000005761027,5
CC(C)=CC(=O)S[*:1],ZINC000005761027,3
O=C(/C=C/CO)C[*:1],ZINC000014454535,7
C[C@H]([C@@H](N)C(=O)O)[*:1],ZINC000014419737,3
C[C@@H]([C@H](C)O)[C@@H](N)[*:1],ZINC000014419737,6
c1cc(CS[*:1])cs1,ZINC000059217448,5
CSSSSSC[*:1],ZINC000014590142,9
CSSSSS[*:1],ZINC000014590142,5
C/C=C\[S@@](=O)SC[*:1],ZINC000014679946,9
C[C@@H]1OCC[C@H]([*:1])S1,ZINC000000157424,2
O[C@H]1CC[C@H]([*:1])NC1,ZINC000005134442,2
Cc1nnc(S[*:1])s1,ZINC000003830405,4
OCC(CO)CC[*:1],ZINC000095910288,8
OCC(CO)C[*:1],ZINC000095910288,6
C[C@H](C(=O)O)[C@@H](N)[*:1],ZINC000001677332,6
CC([C@H](O)C(=O)O)[*:1],ZINC000000389853,3
N[C@@H](C[C@@H](O)C=O)[*:1],ZINC000000895960,6
NC[C@H](N[*:1])C(=O)O,ZINC000078724301,5
CN[C@@H](CN)[*:1],ZINC000078724301,6
CC[C@@H](CC(C)C)[*:1],ZINC000002041112,9
C=CC(=O)S[*:1],ZINC000008551269,3
C=CC(=O)SC[*:1],ZINC000008551269,8
C=CC(=O)SCC[*:1],ZINC000008551269,8
C#CC#CC#C[*:1],ZINC000014616834,1
C#CC#CC#CC[*:1],ZINC000014616834,1
O=C(O)C[C@H]1C[C@H]1[*:1],ZINC000014439080,5
CCC(=O)SC[*:1],ZINC000001850438,6
O=C(O)C#C[*:1],ZINC000000332026,1
S=C1N[C@H]([*:1])CS1,ZINC000005157188,2
S[C@H]1CCC[C@@H]([*:1])C1,ZINC000026515309,2
CCc1ncc([*:1])o1,ZINC000032166509,2
CCNC1([*:1])COC1,ZINC000067898037,4
C[C@](S)(CO)CC[*:1],ZINC000090416378,7
C[C@](S)(CO)C[*:1],ZINC000090416378,6
C[C@](S)(CO)[*:1],ZINC000090416378,3
CCC[C@@](S)(CO)[*:1],ZINC000090416378,7
CCC[C@](C)(CO)[*:1],ZINC000090416378,8
CCC[C@@](C)(S)[*:1],ZINC000090416378,6
CCC[C@@](C)(S)C[*:1],ZINC000090416378,8
CC(C)(O)[C@](C)(O)[*:1],ZINC000012496793,3
CC[C@H](Br)C(=O)S[*:1],ZINC000253502742,7
CC[C@H](Br)[*:1],ZINC000253502742,3
COC(=O)C(C)[*:1],ZINC000000388287,2
CCCC[C@H](SC)[*:1],ZINC000095618236,9
O=C(CCl)O[*:1],ZINC000008761975,4
C/C=C\C(=O)[C@H](C)[*:1],ZINC000014591969,3
Oc1ncccc1[*:1],ZINC000253623983,1
CC/C=C\[C@@H](O)[*:1],ZINC000032821807,4
CC/C=C\[C@@H](O)C[*:1],ZINC000032821807,9
C=C(C)COC(=O)[*:1],ZINC000001697408,6
O[C@H](C[*:1])C(Cl)Cl,ZINC000085548457,7
C[C@@H](C=O)[C@H](S)C[*:1],ZINC000032165377,6
C[C@@H](C=O)[C@H](S)[*:1],ZINC000032165377,5
CC[C@H]([C@@H](C)C=O)[*:1],ZINC000032165377,6
CC[C@@H](S)[C@H](C=O)[*:1],ZINC000032165377,6
CC1=C([*:1])C(=O)CO1,ZINC000084397744,1
C[C@H](O)C/C=C\C[*:1],ZINC000015272647,9
C[C@H](O)C/C=C\[*:1],ZINC000015272647,5
CC/C=C\C[C@H](C)[*:1],ZINC000015272647,6
N/C(=N\[N+](=O)[O-])N[*:1],ZINC000015987659,1
CC(C)[C@H](Cl)[*:1],ZINC000253530189,3
CN1C[C@@H](N)C[C@H]1[*:1],ZINC000020464346,4
O=C(CCC[*:1])OO,ZINC000095618290,7
O=C(CC[*:1])OO,ZINC000095618290,5
O=C(C[*:1])OO,ZINC000095618290,3
CC1([*:1])CCNCC1,ZINC000085488102,1
C[C@@H](S)C(=O)OC[*:1],ZINC000004802714,5
C[C@@H](S)C(=O)O[*:1],ZINC000004802714,3
CCOC(=O)[C@H](S)[*:1],ZINC000004802714,6
Oc1cncc([*:1])c1,ZINC000002151090,1
CC(C(=O)C(=O)O)[*:1],ZINC000001532553,3
CSC(=NC[*:1])SC,ZINC000014589432,4
O=C([C@H]1CCSS1)[*:1],ZINC000032161947,2
CC[C@H](C)/C=C/[*:1],ZINC000072109671,4
C[C@H](C(=O)[*:1])[C@@H](C)O,ZINC000072109671,5
CC(=O)OC[C@H](N)[*:1],ZINC000000895446,7
N[C@@H](C[S@@](=O)O)[*:1],ZINC000019419008,5
CC(C)[C@H](CCO)[*:1],ZINC000015205244,7
CNC[C@@H](OC)[*:1],ZINC000014719169,4
N/C(CNC=O)=N/[*:1],ZINC000003869339,4
CC(=O)N[C@H](CS)[*:1],ZINC000000388237,3
CSSSCC[*:1],ZINC000014590161,10
CCCSSS[*:1],ZINC000014590161,8
N[C@@H](CO)[C@H](O)C[*:1],ZINC000008036012,10
c1csc(OC[*:1])n1,ZINC000001850626,4
c1csc(O[*:1])n1,ZINC000001850626,2
CN1CCC[C@]1(O)[*:1],ZINC000003869621,3
CC(=O)CC(C)[*:1],ZINC000001482107,6
OCC/C=C/C=C/[*:1],ZINC000014616382,5
CCc1ccc([*:1])o1,ZINC000001995224,3
CC(C)SSCC[*:1],ZINC000013380442,10
C[C@H]([C@@H](N)[*:1])[C@@H](C)O,ZINC000002526383,6
CCCCN(CC)[*:1],ZINC000001782044,6
Brc1cncc([*:1])c1,ZINC000002024209,1
C1C[C@H]([*:1])CN1,ZINC000049170174,1
NCC[C@@H](C(=O)O)[*:1],ZINC000052986906,7
NCC[C@H](N)[*:1],ZINC000052986906,6
C[C@H](CCCO)C[*:1],ZINC000085597522,8
C/C(=C\[C@@H](C)O)C[*:1],ZINC000033841554,4
C/C(=C\[C@@H](C)O)[*:1],ZINC000033841554,3
CC[C@@H](C[*:1])OC=O,ZINC000095618246,6
CC[C@H](OC=O)[*:1],ZINC000095618246,3
OC1=CS[C@H]([*:1])[C@@H]1S,ZINC000100828534,2
C[C@H]1SC=C([*:1])[C@H]1S,ZINC000100828534,2
C[C@H]1SC=C(O)[C@H]1[*:1],ZINC000100828534,2
C/C=C(\CCO)[*:1],ZINC000085594640,6
C=C(Cl)C(=O)O[*:1],ZINC000001664994,2
O=C(O[*:1])C1CC1,ZINC000012662821,2
C=C/C=C/C=C\C[*:1],ZINC000059727266,2
COC(CC(C)=O)[*:1],ZINC000001583673,5
CC(C)C(=O)/C=C/[*:1],ZINC000001633170,5
S=c1cc([*:1])ss1,ZINC000000000949,1
CC1([*:1])CCSS1,ZINC000015119725,2
C=C(C)[C@@](C)(O)[*:1],ZINC000055231620,3
CC/C=C\C=C\[*:1],ZINC000014619890,3
O[C@H]1CCS[C@@H]1[*:1],ZINC000014724332,3
CC[C@@H](C)[C@H](CO)[*:1],ZINC000230207660,8
CC(C)(N[*:1])C(=O)O,ZINC000000403027,3
CNC(C)(C(=O)O)[*:1],ZINC000000403027,3
CNC(C)(C)[*:1],ZINC000000403027,1
CCOC[C@H](O)[*:1],ZINC000013351046,8
C1=[N+]([*:1])CCC1,ZINC000001530364,1
C(c1nnn[nH]1)[*:1],ZINC000004836778,1
CCC(O)(C(=O)O)[*:1],ZINC000000388240,4
CC(=O)NCC(C)[*:1],ZINC000001583154,4
Cc1cc([*:1])c(C)s1,ZINC000001081105,1
c1nnnn1CC[*:1],ZINC000524730718,5
C1CO[C@H](CC[*:1])C1,ZINC000001849897,8
C[C@H]1CCC[C@H]([*:1])C1,ZINC000001712309,2
C[C@H]1[C@@H](C)CC[C@@H]1[*:1],ZINC000100778614,2
Sc1nc(C[*:1])c[nH]1,ZINC000001530224,3
Sc1nc([*:1])c[nH]1,ZINC000001530224,1
O=C1CC[C@]2([*:1])C[C@H]12,ZINC000005761501,1
ClC/C=C/[*:1],ZINC000001530489,3
Cl/C=C/[*:1],ZINC000001530489,1
Cl/C=C/C[*:1],ZINC000001530489,2
CN(C(=O)CCl)[*:1],ZINC000012656027,3
Oc1ccc([*:1])o1,ZINC000006863475,1
C=CC(=O)NC[*:1],ZINC000001565157,5
CS[C@H](CCO)C[*:1],ZINC000000409332,10
CS[C@H](CCO)[*:1],ZINC000000409332,7
N#CC(C#N)[*:1],ZINC000005611754,1
O=C[C@H](O)[C@H](O)C[*:1],ZINC000032786787,6
CO[S@](=O)C[*:1],ZINC000523041459,5
O=C1C=C[C@@H]([*:1])CC1,ZINC000004429301,2
O=C(O)CC(O)C[*:1],ZINC000002556454,9
O=C(O)CC(O)[*:1],ZINC000002556454,7
C[C@@](N)(C[*:1])C(=O)O,ZINC000000388131,3
CC[C@H](CC(C)C)[*:1],ZINC000002041113,8
OC/C=C\C=C/C[*:1],ZINC000014614330,5
OC/C=C\C=C/[*:1],ZINC000014614330,2
CN[C@H](COC)[*:1],ZINC000034194792,6
CC(C)(C[*:1])OC=O,ZINC000001850751,5
C/C=C/[C@@H](O)[*:1],ZINC000001609510,2
C/C=C/[C@@H](O)C[*:1],ZINC000001609510,4
C/C=C/[C@@H](O)CC[*:1],ZINC000001609510,7
C(=C/[*:1])/c1ccoc1,ZINC000103549988,2
N[C@@H](CO)CC(=O)[*:1],ZINC000001619591,6
N[C@@H](CO)C[*:1],ZINC000001619591,7
CCC1=N[CH+]N=C1[*:1],ZINC000085505125,3
C=C1C[C@@H]1C[C@H](N)[*:1],ZINC000003876008,6
O[C@@H]1CC[C@H]([*:1])NC1,ZINC000005134440,2
CC(CN=C=S)[*:1],ZINC000001846032,5
OC[C@H]1CN[C@H]([*:1])C1,ZINC000014491655,4
Nc1[nH]cnc1[*:1],ZINC000003861263,1
N#[N+][*:1],ZINC000006092898,1
CCC[C@@](C)(O)[*:1],ZINC000096316390,4
O=C(Cl)CSC[*:1],ZINC000030728751,9
O=C(Cl)CS[*:1],ZINC000030728751,6
O=C(Cl)C[*:1],ZINC000030728751,3
O=C(Cl)[*:1],ZINC000030728751,1
OC[C@H](O)C(O)[*:1],ZINC000000895208,6
C=CSS[*:1],ZINC000015204801,4
C=CSSC[*:1],ZINC000015204801,7
OC1CCN([*:1])CC1,ZINC000035442676,3
C=C(C/C=C/C)[*:1],ZINC000085947631,5
Clc1ccc([*:1])nn1,ZINC000230202567,1
O[C@H](/C=C/[*:1])CCl,ZINC000013386584,4
C[C@H](O)[C@@H](O)CC[*:1],ZINC000040164356,9
C(C[*:1])c1nnn[nH]1,ZINC000263585327,4
NCCC[C@H](N)C[*:1],ZINC000001532872,8
C[C@@H]1N=C([*:1])[C@H](C)O1,ZINC000029786460,1
CC1=N[C@@H]([*:1])O[C@H]1C,ZINC000029786460,1
CC1=N[C@@H](C)O[C@H]1[*:1],ZINC000029786460,1
CC(C)[C@@H](C)[C@@H](C)[*:1],ZINC000002040188,8
C[S@](=O)C[C@H](N)[*:1],ZINC000005339228,3
C[C@H](O)CO[C@@H](C)[*:1],ZINC000000404383,5
O=C(O)[C@@H](CCS)[*:1],ZINC000000895703,8
N[C@H](CCS)[*:1],ZINC000000895703,4
N[C@H](CP(=O)(O)O)[*:1],ZINC000003873029,3
C=C1C[C@H]1C[C@H](N)[*:1],ZINC000003876009,6
C[C@H](N)CC(=O)[*:1],ZINC000000901794,3
C[C@H](N)CC(=O)C[*:1],ZINC000000901794,5
CC[C@H](CCO)[*:1],ZINC000002034637,9
C[C@H](C#N)[C@H](C)[*:1],ZINC000067913718,3
C[C@H](C#N)[*:1],ZINC000067913718,1
C[C@H](C#N)[C@H](C)O[*:1],ZINC000067913718,2
C[C@H]1SS[C@H](C[*:1])S1,ZINC000095620585,2
OC[C@@H]1CCCN1[*:1],ZINC000019703454,4
Cc1ccc(S[*:1])s1,ZINC000006071289,4
CSc1ccc([*:1])s1,ZINC000006071289,4
CC(CCO)[*:1],ZINC000000896830,5
C[C@@]1([*:1])CC1(Cl)Cl,ZINC000049586613,1
O=C1COC[C@H]1[*:1],ZINC000095620497,2
CCCC[C@@H](S)[*:1],ZINC000014589052,6
CCCC[C@@H](S)C[*:1],ZINC000014589052,7
C[C@@H]1CCO[C@H]([*:1])C1,ZINC000002018446,2
O=C1CCCC=C1[*:1],ZINC000195756143,2
N[C@@H]1CO[C@H]([*:1])[C@H]1O,ZINC000078931528,2
N[C@@H]1CCCC[C@H]1[*:1],ZINC000100393419,2
C[C@@H](C[*:1])C(C)(C)O,ZINC000253504203,7
C=C/C(C)=C\CC[*:1],ZINC000078138492,5
N[C@@H](CN[N+](=O)[O-])[*:1],ZINC000005131713,7
SC[C@H](S)C[*:1],ZINC000005298879,4
SC[C@H](S)[*:1],ZINC000005298879,3
CC[C@@H](S)C[*:1],ZINC000005298879,5
O=C(O)C/C=C/C[*:1],ZINC000059899516,5
O=C(O)[C@H](CO)C[*:1],ZINC000005922974,8
S[C@H]1CCC[C@H]([*:1])C1,ZINC000026515311,2
C[C@H](O)CCC(=O)[*:1],ZINC000001581357,7
CC(=O)O/N=C(\C)[*:1],ZINC000004026945,2
CC(=O)C=C(C)[*:1],ZINC000100019800,2
N[C@@H]1CCN[C@@H]1[*:1],ZINC000022923607,2
OC1=NOC[C@H]1N[*:1],ZINC000035361893,2
OC1=NOC[C@H]1[*:1],ZINC000035361893,2
O=C([C@H]1CCS1)[*:1],ZINC000032163928,3
C1C[C@H]([*:1])S1,ZINC000032163928,2
COCCO[C@@H](C)[*:1],ZINC000002568154,6
C1[C@@H]([*:1])O[C@@H]2CO[C@H]12,ZINC000000231539,2
CC1(C)CC[C@@H]1[*:1],ZINC000034617733,2
CN(C)[C@@H](CO)[*:1],ZINC000078931609,5
CC[C@@H](O)C[C@@H](O)[*:1],ZINC000085589596,9
C[C@@H](O)[C@H](O)CC[*:1],ZINC000040164355,8
C/C=C/C#CC(=O)[*:1],ZINC000014884871,3
CCCN(C)C(=O)[*:1],ZINC000225434582,5
O=CCCC/C=C/[*:1],ZINC000001850440,9
CCCO[C@@H](C)[*:1],ZINC000001850813,5
CCCO[C@@H](C)O[*:1],ZINC000001850813,5
NNC(=O)CC[*:1],ZINC000070687837,3
CCC(=O)C(C)[*:1],ZINC000002034716,4
C[C@H](OC(N)=O)[*:1],ZINC000035457226,1
C[C@@H](C[*:1])OC(N)=O,ZINC000035457226,3
CC[S@](=O)C[C@@H](N)[*:1],ZINC000006424851,9
c1cncc(N[*:1])c1,ZINC000150349513,2
C[C@]1([*:1])CC1(Br)Br,ZINC000004028002,1
CC[C@H](SC)S[*:1],ZINC000013380451,8
O=S(=O)(O)S/C=C/[*:1],ZINC000014679980,1
CC[C@H](C)SSC[*:1],ZINC000014593074,9
Cc1ncc(O[*:1])s1,ZINC000001850481,2
COc1cnc([*:1])s1,ZINC000001850481,2
CC(=CCO)[*:1],ZINC000000897129,2
Cc1noc([*:1])c1C,ZINC000065031342,1
CCC[C@@H](O)[C@H](O)[*:1],ZINC000013339610,7
O=C(NCCO)N[*:1],ZINC000030880081,6
OCC[C@@H](CO)C[*:1],ZINC000252506809,9
OCC[C@@H](CO)[*:1],ZINC000252506809,7
C[C@@H](S)C(=O)C[*:1],ZINC000032167692,5
CCC(=O)[C@H](S)[*:1],ZINC000032167692,5
CC(Cl)(Cl)[*:1],ZINC000008585883,1
C[C@H]1OCC[C@H]([*:1])S1,ZINC000000157429,3
CCc1nnc([*:1])s1,ZINC000003310392,3
C[C@@](CO)(C(=O)O)[*:1],ZINC000012495998,6
CC[C@@H](C)C(=O)N[*:1],ZINC000003649875,4
C[C@@H]([C@H](O)[*:1])N(C)C,ZINC000000000491,5
CC(C)(C=O)CC[*:1],ZINC000013374337,7
C[S@](=O)SC[*:1],ZINC000014590141,5
C1CCN[C@@H]([*:1])CC1,ZINC000004028351,5
Cc1cc([*:1])n[nH]1,ZINC000253396259,1
SSCCCC[*:1],ZINC000014649285,9
SSCCC[*:1],ZINC000014649285,9
SSCC[*:1],ZINC000014649285,8
COC(=O)C(C)(C)[*:1],ZINC000059585748,1
COCC(=O)N(C)[*:1],ZINC000022471621,3
CSC(C)(C)[*:1],ZINC000002509980,1
CSC(C)(C)C[*:1],ZINC000002509980,6
C[C@@H](OP(=O)(O)O)[*:1],ZINC000001532464,2
CC(=O)[C@](C)(O)[*:1],ZINC000000895425,2
CN(C)S(=O)(=O)N[*:1],ZINC000055175276,3
CC(C)(C=O)SS[*:1],ZINC000002512371,6
CSSC(C)(C=O)[*:1],ZINC000002512371,8
CSSC(C)(C)[*:1],ZINC000002512371,4
S[C@@H]1CCO[C@H]1[*:1],ZINC000004262495,1
C[C@@H]1OCC[C@H]1[*:1],ZINC000004262495,2
CC(=O)C/C=C/C[*:1],ZINC000005761863,6
CC(=O)C/C=C/[*:1],ZINC000005761863,5
c1n[nH]cc1[*:1],ZINC000604404908,1
C[C@@H]1CN=C([*:1])N1,ZINC000015043929,2
CC1=NC[C@@H]([*:1])N1,ZINC000015043929,2
Cc1nccn1C[*:1],ZINC000604404201,2
C[C@H](CCO)N[*:1],ZINC000005126031,10
O=C(N1C=CCC1)[*:1],ZINC000013480247,2
CC[C@@H]1CC[C@@H]([*:1])O1,ZINC000005651192,3
CN(C)CCC(=O)[*:1],ZINC000001670998,7
CC(C)(O)/C=C\[*:1],ZINC000035930710,3
O=[N+]([O-])OCC[*:1],ZINC000245226209,2
C1=C([*:1])NCCC1,ZINC000100823353,1
CC1([*:1])C=CC(=O)O1,ZINC000002035722,1
CC(=O)NCCO[*:1],ZINC000012411579,8
N=C(NC=O)N[*:1],ZINC000012496759,1
C[C@@H](S)[C@H](S)[*:1],ZINC000004501351,3
OC[C@H]1CC[C@@H]([*:1])O1,ZINC000000004060,3
C/C(=C/COC=O)[*:1],ZINC000015120477,6
C[N+](C)(CC=O)[*:1],ZINC000100015771,2
C[C@H]1COC(C)([*:1])O1,ZINC000001562141,1
O=C(O)C#CC#C[*:1],ZINC000014616831,1
CC(C)C[C@@](C)(O)[*:1],ZINC000002164098,8
O=C1COC[C@@H]1[*:1],ZINC000095620496,2
C[C@H](CO)NC(=O)[*:1],ZINC000299754336,3
OC[C@H](CCl)[*:1],ZINC000002041175,6
CC(C)/C(C=O)=C/[*:1],ZINC000002009354,5
O[C@H](CS)[*:1],ZINC000000968222,3
C[C@@H]1C[C@@H](S)[C@H]([*:1])O1,ZINC000091297571,3
C[C@@H]1O[C@H]([*:1])C[C@H]1S,ZINC000091297571,2
C[C@@H]1C[C@@H]([*:1])[C@H](C)O1,ZINC000091297571,3
O=C1CC[C@H](O[*:1])N1,ZINC000005998287,2
CCC[C@H](O)C(=O)[*:1],ZINC000002164143,6
CCCC(=O)[C@@H](O)[*:1],ZINC000002164143,8
CS(=O)(=O)S[*:1],ZINC000004268917,3
CSS(=O)(=O)[*:1],ZINC000004268917,4
CC(C)(O)CC#C[*:1],ZINC000020112782,3
C[C@H](S)[C@@H](S)[*:1],ZINC000004501352,2
N#C[C@@H](O)[*:1],ZINC000008100869,1
CC(C)[C@H](C(N)=O)[*:1],ZINC000003840170,5
NCCC/N=C/C[*:1],ZINC000030729918,8
NCCC/N=C/[*:1],ZINC000030729918,7
NCCC/C=N/[*:1],ZINC000030729918,7
NCCC/C=N/C[*:1],ZINC000030729918,6
C[C@@H](O)[C@](C)(O)[*:1],ZINC000001731110,3
CC[C@](O)(C(=O)O)[*:1],ZINC000000330160,3
CC[C@@](C)(C(=O)O)[*:1],ZINC000000330160,6
CSS[C@H]([S@](C)=O)[*:1],ZINC000014590134,7
O=C(CCO)O[*:1],ZINC000085589570,6
C[S+](C)CC[C@@H](N)[*:1],ZINC000004096305,8
CCc1ncc([*:1])s1,ZINC000002569363,3
O[C@@H]1[C@H](O)C=C[C@H]1[*:1],ZINC000000897138,3
C[C@H](Cl)C[*:1],ZINC000001712064,3
NC(=O)[C@@H]1C[C@@H]1C[*:1],ZINC000002099835,3
NC(=O)[C@@H]1C[C@@H]1[*:1],ZINC000002099835,2
COC(=O)CC(=O)[*:1],ZINC000005159232,4
C[C@@H]1COC(C)([*:1])O1,ZINC000001850009,1
C[C@H](S)S[C@@H](S)[*:1],ZINC000032163198,7
C[C@H](S)S[C@H](C)[*:1],ZINC000032163198,5
C=C(C(C)(C)CC)[*:1],ZINC000038876378,6
N[C@@H]([C@@H](O)CO)[*:1],ZINC000013351021,6
CC[C@@H](C)N[*:1],ZINC000000079004,7
C/C(=C\[*:1])CC(=O)O,ZINC000004712490,4
NC[C@H](O)C[C@@H](N)[*:1],ZINC000013438109,7
C[C@@H](O)[C@@H](C)S[*:1],ZINC000005298988,6
C=C(CCCCC)[*:1],ZINC000001850211,8
C=C(C[*:1])C(C)=O,ZINC000001850211,6
C=C(CC[*:1])C(C)=O,ZINC000001850211,6
C[C@H](O)/C=C\C[*:1],ZINC000030730678,5
O[C@@H]1CCO[C@H]1[*:1],ZINC000005752238,2
CC1=C([*:1])C(=N)CC1,ZINC000039118427,1
O=S(=O)(O)OCC[*:1],ZINC000003945133,3
C[C@@H]1N=C([*:1])[C@@H](C)S1,ZINC000031500678,2
CC1=N[C@@H](C)S[C@@H]1[*:1],ZINC000031500678,2
C[C@]1([*:1])SCCC1=O,ZINC000032163933,2
O=[SH](=O)O[*:1],ZINC000085531470,1
O=C(OS(=O)(=O)O)[*:1],ZINC000095625973,1
CC(=O)[C@H]1O[C@@]1(O)[*:1],ZINC000013397687,2
NCC[C@H](O)CN[*:1],ZINC000002020107,8
C1CN(C[*:1])CCS1,ZINC000061992884,3
Nc1nccc([*:1])n1,ZINC000013365918,1
O=NN1CSC[C@@H]1[*:1],ZINC000031351567,5
O=C1C=C([*:1])C(=O)N1,ZINC000072127552,1
C/C=C/CC/C=C/[*:1],ZINC000001850341,8
O=S(=O)(O)C(F)(F)[*:1],ZINC000011027584,1
O=P(O)(O)[C@@H]1O[C@@H]1[*:1],ZINC000001722376,1
C[C@H](c1nccs1)[*:1],ZINC000003581248,1
CC(S)(CCO)[*:1],ZINC000014589097,6
CC(C)(CCO)[*:1],ZINC000014589097,3
C#C/C=C\[*:1],ZINC000095913959,1
C#C/C=C\C[*:1],ZINC000095913959,3
C[C@@]1([*:1])SCCC1=O,ZINC000032163935,2
C[C@H](N)[C@H](O)[*:1],ZINC000000157545,3
C[C@H]1CN[C@@H]([*:1])C1,ZINC000001605764,1
C1CC1NC[*:1],ZINC000030883081,4
C=C(C)[C@H]1O[C@@H]1[*:1],ZINC000005158373,3
OC/C=C\C/C=C/[*:1],ZINC000014616381,6
C[C@@](O)(C=O)[*:1],ZINC000685935984,2
C[C@@](O)(C=O)[C@H](O)[*:1],ZINC000685935984,5
CC(=O)SC(C)[*:1],ZINC000015204642,4
CSCCS[*:1],ZINC000001690291,5
C=CCC/C(C)=C/[*:1],ZINC000095620776,6
Cc1ncoc1C[*:1],ZINC000003627724,3
CCc1ocnc1[*:1],ZINC000003627724,3
CC(CC(=O)O)C[*:1],ZINC000000167136,8
